{
"cert-baseline": {
"eohc": 0.03894736842105263,
"nc": 950
},
"cert-d16": {
"eohc": 0.06631578947368422,
"nc": 950
},
"cert-d16-h18": {
"eohc": 0.05789473684210526,
"nc": 950
},
"cert-d24": {
"eohc": 0.11052631578947368,
"nc": 950
},
"cert-d8": {
"eohc": 0.02631578947368421,
"nc": 950
},
"cert-h18": {
"eohc": 0.031578947368421054,
"nc": 950
},
"cert-h24": {
"eohc": 0.03263157894736842,
"nc": 950
},
"cert-h6": {
"eohc": 0.07684210526315789,
"nc": 950
},
"cert-hashed": {
"eohc": 0.03684210526315789,
"nc": 950
},
"cert-ic-h12": {
"eohc": 0.00631578947368421,
"nc": 950
},
"cert-ic-h8": {
"eohc": 0.01368421052631579,
"nc": 950
},
"cert-mix2": {
"eohc": 0.06210526315789474,
"nc": 950
},
"cert-sh2": {
"eohc": 0.03894736842105263,
"nc": 950
},
"cert-sh4": {
"eohc": 0.029473684210526315,
"nc": 950
},
"dbstair-h15-p32": {
"eohc": 0.05473684210526316,
"nc": 950
},
"dbstair-p244": {
"eohc": 0.03263157894736842,
"nc": 950
},
"h15-p32": {
"eohc": 0.06,
"nc": 950
},
"h15-p32-mix3": {
"eohc": 0.034736842105263156,
"nc": 950
},
"h15-p32-sharedext": {
"eohc": 0.2168421052631579,
"nc": 950
},
"h15-p48": {
"eohc": 0.04421052631578947,
"nc": 950
},
"h15-p64": {
"eohc": 0.04421052631578947,
"nc": 950
},
"h15-p96": {
"eohc": 0.04421052631578947,
"nc": 950
},
"ic-11x4-p32": {
"eohc": 0.0010526315789473684,
"nc": 950
},
"ic-9x2-p48x": {
"eohc": 0.003157894736842105,
"nc": 950
},
"ic-d6-p244": {
"eohc": 0.0010526315789473684,
"nc": 950
},
"ic-d8-9x2-p48x": {
"eohc": 0.0010526315789473684,
"nc": 950
},
"ic-d8-p244": {
"eohc": 0.0010526315789473684,
"nc": 950
},
"ic-d8-p32x": {
"eohc": 0.0010526315789473684,
"nc": 950
},
"ic-d8-p48x": {
"eohc": 0.0010526315789473684,
"nc": 950
},
"ic-mix2-p244": {
"eohc": 0.005263157894736842,
"nc": 950
},
"ic-p32x": {
"eohc": 0.002105263157894737,
"nc": 950
},
"identcorner-p244": {
"eohc": 0.002105263157894737,
"nc": 950
},
"mask-p32-r7-prefix": {
"eohc": 0.034736842105263156,
"nc": 950
},
"mask-p32-r7-suffix": {
"eohc": 0.034736842105263156,
"nc": 950
},
"mask-p48-r3-prefix": {
"eohc": 0.034736842105263156,
"nc": 950
},
"mask-p48-r3-suffix": {
"eohc": 0.034736842105263156,
"nc": 950
},
"mixed-p128-frozen": {
"eohc": 0.034736842105263156,
"nc": 950
},
"mixed-p128-sharedx": {
"eohc": 0.034736842105263156,
"nc": 950
},
"mixed-p16-frozen": {
"eohc": 0.2536842105263158,
"nc": 950
},
"mixed-p24-frozen": {
"eohc": 0.03684210526315789,
"nc": 950
},
"mixed-p24-sharedx": {
"eohc": 0.03684210526315789,
"nc": 950
},
"mixed-p244-8x2": {
"eohc": 0.04421052631578947,
"nc": 950
},
"mixed-p244-9x2": {
"eohc": 0.03684210526315789,
"nc": 950
},
"mixed-p244-baseline": {
"eohc": 0.034736842105263156,
"nc": 950
},
"mixed-p244-d16": {
"eohc": 0.06210526315789474,
"nc": 950
},
"mixed-p244-d4": {
"eohc": 0.005263157894736842,
"nc": 950
},
"mixed-p244-d6": {
"eohc": 0.01368421052631579,
"nc": 950
},
"mixed-p244-d8": {
"eohc": 0.024210526315789474,
"nc": 950
},
"mixed-p244-mix2": {
"eohc": 0.061052631578947365,
"nc": 950
},
"mixed-p244-sharedx": {
"eohc": 0.034736842105263156,
"nc": 950
},
"mixed-p31-12x4": {
"eohc": 0.03368421052631579,
"nc": 950
},
"mixed-p32-10x4": {
"eohc": 0.037894736842105266,
"nc": 950
},
"mixed-p32-11x2": {
"eohc": 0.03684210526315789,
"nc": 950
},
"mixed-p32-11x4": {
"eohc": 0.031578947368421054,
"nc": 950
},
"mixed-p32-12x4": {
"eohc": 0.03368421052631579,
"nc": 950
},
"mixed-p32-frozen": {
"eohc": 0.034736842105263156,
"nc": 950
},
"mixed-p32-sharedx": {
"eohc": 0.034736842105263156,
"nc": 950
},
"mixed-p32-sharedx-mix2": {
"eohc": 0.061052631578947365,
"nc": 950
},
"mixed-p32x-d8": {
"eohc": 0.024210526315789474,
"nc": 950
},
"mixed-p48-11x2": {
"eohc": 0.03684210526315789,
"nc": 950
},
"mixed-p48-11x4": {
"eohc": 0.030526315789473683,
"nc": 950
},
"mixed-p48-frozen": {
"eohc": 0.034736842105263156,
"nc": 950
},
"mixed-p48-ramp": {
"eohc": 0.034736842105263156,
"nc": 950
},
"mixed-p48-sharedx": {
"eohc": 0.035789473684210524,
"nc": 950
},
"mixed-p48-skew16": {
"eohc": 0.034736842105263156,
"nc": 950
},
"mixed-p48-skew8": {
"eohc": 0.034736842105263156,
"nc": 950
},
"mixed-p48x-8x2": {
"eohc": 0.04421052631578947,
"nc": 950
},
"mixed-p48x-9x2": {
"eohc": 0.03684210526315789,
"nc": 950
},
"mixed-p64-11x2": {
"eohc": 0.03684210526315789,
"nc": 950
},
"mixed-p64-11x4": {
"eohc": 0.030526315789473683,
"nc": 950
},
"mixed-p64-frozen": {
"eohc": 0.034736842105263156,
"nc": 950
},
"mixed-p64-sharedx": {
"eohc": 0.034736842105263156,
"nc": 950
},
"mixed-p96-11x2": {
"eohc": 0.03684210526315789,
"nc": 950
},
"mixed-p96-frozen": {
"eohc": 0.034736842105263156,
"nc": 950
},
"mixed-p96-ramp": {
"eohc": 0.034736842105263156,
"nc": 950
},
"mixed-p96-sharedx": {
"eohc": 0.034736842105263156,
"nc": 950
},
"seganchor-four0369": {
"eohc": 0.022105263157894735,
"nc": 950
},
"seganchor-three048": {
"eohc": 0.03894736842105263,
"nc": 950
},
"twoanchor-adaptive-p244": {
"eohc": 0.034736842105263156,
"nc": 950
},
"twoanchor-mix2": {
"eohc": 0.04631578947368421,
"nc": 950
},
"twoanchor-p244": {
"eohc": 0.02526315789473684,
"nc": 950
},
"twoanchor-p32x": {
"eohc": 0.02526315789473684,
"nc": 950
},
"wh1-legacy": {
"eohc": 0.12,
"nc": 950
},
"wh2-dispatched-v1": {
"eohc": 0.005263157894736842,
"nc": 950
}
}