mode,blocks,block_bytes,trial,seed,wh1_first,wh2_first,wh1_ns,wh2_ns,wh2_profile,wh2_attempt
recovery,8,64,0,12049091730390138880,8,8,0,0,5415960886813981129,0
recovery,8,64,1,4107705821952621589,8,8,0,0,5415960886813981129,0
recovery,8,64,2,11193708306874284074,8,8,0,0,5415960886813981129,0
recovery,8,64,3,9047894634488869951,8,8,0,0,5415960886813981129,0
recovery,8,64,4,16135025218340630612,8,8,0,0,5415960886813981129,0
recovery,8,64,5,12692156986208562281,8,8,0,0,5415960886813981129,0
recovery,8,64,6,1331415466140149886,8,8,0,0,5415960886813981129,0
recovery,8,64,7,17632345730025333907,8,8,0,0,5415960886813981129,0
recovery,8,64,8,6236699182541021352,8,8,0,0,5415960886813981129,0
recovery,8,64,9,2937963868109806781,8,8,0,0,5415960886813981129,0
recovery,8,64,10,9879833435330615506,8,8,0,0,5415960886813981129,0
recovery,8,64,11,7734021893248980199,8,8,0,0,5415960886813981129,0
recovery,8,64,12,14821150278345920764,8,8,0,0,5415960886813981129,0
recovery,8,64,13,12675336605960506641,8,8,0,0,5415960886813981129,0
recovery,8,64,14,17540732303870246,8,8,0,0,5415960886813981129,0
recovery,8,64,15,16318468659726845243,8,8,0,0,5415960886813981129,0
recovery,128,64,0,12049091732403404800,128,128,0,0,5415960886813981129,0
recovery,128,64,1,4107705824234322965,128,128,0,0,5415960886813981129,0
recovery,128,64,2,11193708304861018154,128,128,0,0,5415960886813981129,0
recovery,128,64,3,9047894636770571327,128,128,0,0,5415960886813981129,0
recovery,128,64,4,16135025216327364692,128,128,0,0,5415960886813981129,0
recovery,128,64,5,12692156988490263657,128,128,0,0,5415960886813981129,0
recovery,128,64,6,1331415464126883966,128,128,0,0,5415960886813981129,0
recovery,128,64,7,17632345732307035283,128,128,0,0,5415960886813981129,0
recovery,128,64,8,6236699180527755432,128,128,0,0,5415960886813981129,0
recovery,128,64,9,2937963870391508157,128,128,0,0,5415960886813981129,0
recovery,128,64,10,9879833433317349586,128,128,0,0,5415960886813981129,0
recovery,128,64,11,7734021895530681575,128,128,0,0,5415960886813981129,0
recovery,128,64,12,14821150276064219388,128,128,0,0,5415960886813981129,0
recovery,128,64,13,12675336607973772561,128,128,0,0,5415960886813981129,0
recovery,128,64,14,17540730022168870,128,128,0,0,5415960886813981129,0
recovery,128,64,15,16318468661740111163,128,128,0,0,5415960886813981129,0
recovery,512,64,0,12049091721665986560,512,512,0,0,5415960886813981129,0
recovery,512,64,1,4107705813496904725,512,512,0,0,5415960886813981129,0
recovery,512,64,2,11193708315598436394,512,512,0,0,5415960886813981129,0
recovery,512,64,3,9047894626033153087,512,513,0,0,5415960886813981129,0
recovery,512,64,4,16135025209884913748,512,512,0,0,5415960886813981129,0
recovery,512,64,5,12692156994932714601,512,512,0,0,5415960886813981129,0
recovery,512,64,6,1331415457684433022,512,512,0,0,5415960886813981129,0
recovery,512,64,7,17632345738749486227,512,512,0,0,5415960886813981129,0
recovery,512,64,8,6236699191265173672,512,512,0,0,5415960886813981129,0
recovery,512,64,9,2937963859654089917,512,512,0,0,5415960886813981129,0
recovery,512,64,10,9879833444054767826,512,512,0,0,5415960886813981129,0
recovery,512,64,11,7734021884793263335,512,512,0,0,5415960886813981129,0
recovery,512,64,12,14821150269621768444,512,512,0,0,5415960886813981129,0
recovery,512,64,13,12675336614416223505,512,512,0,0,5415960886813981129,0
recovery,512,64,14,17540723579717926,512,512,0,0,5415960886813981129,0
recovery,512,64,15,16318468668182562107,512,512,0,0,5415960886813981129,0
recovery,1024,64,0,12049091713076051968,1024,1024,0,0,5415960886813981129,0
recovery,1024,64,1,4107705804906970133,1024,1024,0,0,5415960886813981129,0
recovery,1024,64,2,11193708289828632618,1024,1024,0,0,5415960886813981129,0
recovery,1024,64,3,9047894651802956863,1024,1024,0,0,5415960886813981129,0
recovery,1024,64,4,16135025235654717524,1024,1024,0,0,5415960886813981129,0
recovery,1024,64,5,12692157003522649193,1024,1024,0,0,5415960886813981129,0
recovery,1024,64,6,1331415449094498430,1024,1024,0,0,5415960886813981129,0
recovery,1024,64,7,17632345712979682451,1024,1024,0,0,5415960886813981129,0
recovery,1024,64,8,6236699165495369896,1024,1024,0,0,5415960886813981129,0
recovery,1024,64,9,2937963885423893693,1024,1024,0,0,5415960886813981129,0
recovery,1024,64,10,9879833452644702418,1024,1024,0,0,5415960886813981129,0
recovery,1024,64,11,7734021876203328743,1024,1024,0,0,5415960886813981129,0
recovery,1024,64,12,14821150261031833852,1024,1024,0,0,5415960886813981129,0
recovery,1024,64,13,12675336588646419729,1024,1024,0,0,5415960886813981129,0
recovery,1024,64,14,17540749349521702,1024,1024,0,0,5415960886813981129,0
recovery,1024,64,15,16318468676772496699,1024,1024,0,0,5415960886813981129,0
recovery,1000,64,0,12049091721263333376,1000,1000,0,0,5415960886813981129,0
recovery,1000,64,1,4107705818194525205,1000,1000,0,0,5415960886813981129,0
recovery,1000,64,2,11193708307411154986,1000,1000,0,0,5415960886813981129,0
recovery,1000,64,3,9047894622140838975,1000,1000,0,0,5415960886813981129,0
recovery,1000,64,4,16135025210287566932,1000,1000,0,0,5415960886813981129,0
recovery,1000,64,5,12692156999630335081,1000,1000,0,0,5415960886813981129,0
recovery,1000,64,6,1331415449497151614,1000,1000,0,0,5415960886813981129,0
recovery,1000,64,7,17632345734857172115,1000,1000,0,0,5415960886813981129,0
recovery,1000,64,8,6236699191667826856,1000,1000,0,0,5415960886813981129,0
recovery,1000,64,9,2937963864351710397,1000,1000,0,0,5415960886813981129,0
recovery,1000,64,10,9879833435867486418,1000,1000,0,0,5415960886813981129,0
recovery,1000,64,11,7734021880900949223,1000,1000,0,0,5415960886813981129,0
recovery,1000,64,12,14821150270292857084,1000,1000,0,0,5415960886813981129,0
recovery,1000,64,13,12675336619382279441,1000,1000,0,0,5415960886813981129,0
recovery,1000,64,14,17540715660871974,1000,1000,0,0,5415960886813981129,0
recovery,1000,64,15,16318468664558683451,1000,1000,0,0,5415960886813981129,0
recovery,2000,64,0,12049091703680811008,2000,2000,0,0,5415960886813981129,0
recovery,2000,64,1,4107705801417309205,2000,2000,0,0,5415960886813981129,0
recovery,2000,64,2,11193708290633938986,2000,2000,0,0,5415960886813981129,0
recovery,2000,64,3,9047894639723361343,2000,2000,0,0,5415960886813981129,0
recovery,2000,64,4,16135025227870089300,2000,2000,0,0,5415960886813981129,0
recovery,2000,64,5,12692157017212857449,2000,2000,0,0,5415960886813981129,0
recovery,2000,64,6,1331415432719935614,2000,2000,0,0,5415960886813981129,0
recovery,2000,64,7,17632345718079956115,2000,2000,0,0,5415960886813981129,0
recovery,2000,64,8,6236699174890610856,2000,2000,0,0,5415960886813981129,0
recovery,2000,64,9,2937963881934232765,2000,2000,0,0,5415960886813981129,0
recovery,2000,64,10,9879833453450008786,2000,2000,0,0,5415960886813981129,0
recovery,2000,64,11,7734021864123733223,2000,2000,0,0,5415960886813981129,0
recovery,2000,64,12,14821150253247205628,2000,2000,0,0,5415960886813981129,0
recovery,2000,64,13,12675336602336627985,2000,2000,0,0,5415960886813981129,0
recovery,2000,64,14,17540732974958886,2000,2000,0,0,5415960886813981129,0
recovery,2000,64,15,16318468681872770363,2000,2000,0,0,5415960886813981129,0
recovery,3000,64,0,12049091754817765376,3000,3000,0,0,5415960886813981129,0
recovery,3000,64,1,4107705784640093205,3000,3000,0,0,5415960886813981129,0
recovery,3000,64,2,11193708342576199722,3000,3000,0,0,5415960886813981129,0
recovery,3000,64,3,9047894588586406975,3000,3000,0,0,5415960886813981129,0
recovery,3000,64,4,16135025245452611668,3000,3000,0,0,5415960886813981129,0
recovery,3000,64,5,12692156966075903081,3001,3000,0,0,5415960886813981129,0
recovery,3000,64,6,1331415415942719614,3000,3000,0,0,5415960886813981129,0
recovery,3000,64,7,17632345770022216851,3000,3000,0,0,5415960886813981129,0
recovery,3000,64,8,6236699158113394856,3000,3000,0,0,5415960886813981129,0
recovery,3000,64,9,2937963899516755133,3000,3000,0,0,5415960886813981129,0
recovery,3000,64,10,9879833402313054418,3000,3000,0,0,5415960886813981129,0
recovery,3000,64,11,7734021847346517223,3000,3000,0,0,5415960886813981129,0
recovery,3000,64,12,14821150305457901820,3000,3000,0,0,5415960886813981129,0
recovery,3000,64,13,12675336585827847441,3000,3000,0,0,5415960886813981129,0
recovery,3000,64,14,17540750825916710,3000,3000,0,0,5415960886813981129,0
recovery,3000,64,15,16318468631004251451,3000,3000,0,0,5415960886813981129,0
recovery,4000,64,0,12049091737235243008,4000,4000,0,0,5415960886813981129,0
recovery,4000,64,1,4107705767862877205,4000,4000,0,0,5415960886813981129,0
recovery,4000,64,2,11193708325798983722,4000,4000,0,0,5415960886813981129,0
recovery,4000,64,3,9047894606168929343,4000,4000,0,0,5415960886813981129,0
recovery,4000,64,4,16135025263035134036,4000,4000,0,0,5415960886813981129,0
recovery,4000,64,5,12692156983658425449,4000,4000,0,0,5415960886813981129,0
recovery,4000,64,6,1331415399165503614,4000,4000,0,0,5415960886813981129,0
recovery,4000,64,7,17632345753245000851,4000,4000,0,0,5415960886813981129,0
recovery,4000,64,8,6236699141336178856,4000,4000,0,0,5415960886813981129,0
recovery,4000,64,9,2937963917099277501,4000,4000,0,0,5415960886813981129,0
recovery,4000,64,10,9879833419895576786,4000,4000,0,0,5415960886813981129,0
recovery,4000,64,11,7734021830569301223,4000,4000,0,0,5415960886813981129,0
recovery,4000,64,12,14821150288412250364,4000,4000,0,0,5415960886813981129,0
recovery,4000,64,13,12675336568782195985,4000,4000,0,0,5415960886813981129,0
recovery,4000,64,14,17540768140003622,4000,4000,0,0,5415960886813981129,0
recovery,4000,64,15,16318468648318338363,4001,4000,0,0,5415960886813981129,0
recovery,5000,64,0,12049091650933243904,5000,5000,0,0,5415960886813981129,0
recovery,5000,64,1,4107705888524614677,5000,5000,0,0,5415960886813981129,0
recovery,5000,64,2,11193708377741244458,5000,5000,0,0,5415960886813981129,0
recovery,5000,64,3,9047894555031974975,5000,5000,0,0,5415960886813981129,0
recovery,5000,64,4,16135025143178702932,5000,5000,0,0,5415960886813981129,0
recovery,5000,64,5,12692157069960424553,5000,5000,0,0,5415960886813981129,0
recovery,5000,64,6,1331415519827241086,5000,5000,0,0,5415960886813981129,0
recovery,5000,64,7,17632345805187261587,5000,5000,0,0,5415960886813981129,0
recovery,5000,64,8,6236699124558962856,5000,5000,0,0,5415960886813981129,0
recovery,5000,64,9,2937963797242846397,5000,5000,0,0,5415960886813981129,0
recovery,5000,64,10,9879833506197575890,5000,5000,0,0,5415960886813981129,0
recovery,5000,64,11,7734021951231038695,5000,5000,0,0,5415960886813981129,0
recovery,5000,64,12,14821150340622946556,5000,5000,0,0,5415960886813981129,0
recovery,5000,64,13,12675336552273415441,5000,5000,0,0,5415960886813981129,0
recovery,5000,64,14,17540648552007974,5000,5000,0,0,5415960886813981129,0
recovery,5000,64,15,16318468734888772923,5000,5000,0,0,5415960886813981129,0
recovery,6000,64,0,12049091633350721536,6000,6000,0,0,5415960886813981129,0
recovery,6000,64,1,4107705867452431381,6000,6000,0,0,5415960886813981129,0
recovery,6000,64,2,11193708360964028458,6000,6000,0,0,5415960886813981129,0
recovery,6000,64,3,9047894568319530047,6001,6000,0,0,5415960886813981129,0
recovery,6000,64,4,16135025160761225300,6000,6000,0,0,5415960886813981129,0
recovery,6000,64,5,12692157083247979625,6000,6000,0,0,5415960886813981129,0
recovery,6000,64,6,1331415503050025086,6000,6000,0,0,5415960886813981129,0
recovery,6000,64,7,17632345784115078291,6000,6000,0,0,5415960886813981129,0
recovery,6000,64,8,6236699107781746856,6000,6000,0,0,5415960886813981129,0
recovery,6000,64,9,2937963810530401469,6000,6000,0,0,5415960886813981129,0
recovery,6000,64,10,9879833523780098258,6000,6000,0,0,5415960886813981129,0
recovery,6000,64,11,7734021930158855399,6000,6000,0,0,5415960886813981129,0
recovery,6000,64,12,14821150323577295100,6000,6000,0,0,5415960886813981129,0
recovery,6000,64,13,12675336530932796689,6000,6000,0,0,5415960886813981129,0
recovery,6000,64,14,17540665866094886,6000,6000,0,0,5415960886813981129,0
recovery,6000,64,15,16318468747907892539,6000,6000,0,0,5415960886813981129,0
recovery,7000,64,0,12049091684487675904,7000,7000,0,0,5415960886813981129,0
recovery,7000,64,1,4107705850675215381,7000,7000,0,0,5415960886813981129,0
recovery,7000,64,2,11193708412906289194,7000,7000,0,0,5415960886813981129,0
recovery,7000,64,3,9047894517182575679,7000,7000,0,0,5415960886813981129,0
recovery,7000,64,4,16135025178343747668,7000,7000,0,0,5415960886813981129,0
recovery,7000,64,5,12692157032111025257,7000,7000,0,0,5415960886813981129,0
recovery,7000,64,6,1331415486272809086,7000,7000,0,0,5415960886813981129,0
recovery,7000,64,7,17632345836057339027,7000,7000,0,0,5415960886813981129,0
recovery,7000,64,8,6236699091004530856,7000,7000,0,0,5415960886813981129,0
recovery,7000,64,9,2937963828112923837,7000,7000,0,0,5415960886813981129,0
recovery,7000,64,10,9879833472643143890,7000,7000,0,0,5415960886813981129,0
recovery,7000,64,11,7734021913381639399,7000,7000,0,0,5415960886813981129,0
recovery,7000,64,12,14821150375787991292,7000,7000,0,0,5415960886813981129,0
recovery,7000,64,13,12675336514424016145,7000,7000,0,0,5415960886813981129,0
recovery,7000,64,14,17540683717052710,7000,7000,0,0,5415960886813981129,0
recovery,7000,64,15,16318468697039373627,7000,7000,0,0,5415960886813981129,0
recovery,8000,64,0,12049091666905153536,8000,8000,0,0,5415960886813981129,0
recovery,8000,64,1,4107705833897999381,8000,8000,0,0,5415960886813981129,0
recovery,8000,64,2,11193708396129073194,8000,8000,0,0,5415960886813981129,0
recovery,8000,64,3,9047894534765098047,8000,8000,0,0,5415960886813981129,0
recovery,8000,64,4,16135025195926270036,8000,8000,0,0,5415960886813981129,0
recovery,8000,64,5,12692157049693547625,8000,8000,0,0,5415960886813981129,0
recovery,8000,64,6,1331415469495593086,8000,8000,0,0,5415960886813981129,0
recovery,8000,64,7,17632345819280123027,8000,8000,0,0,5415960886813981129,0
recovery,8000,64,8,6236699074227314856,8000,8000,0,0,5415960886813981129,0
recovery,8000,64,9,2937963845695446205,8000,8000,0,0,5415960886813981129,0
recovery,8000,64,10,9879833490225666258,8000,8000,0,0,5415960886813981129,0
recovery,8000,64,11,7734021896604423399,8000,8000,0,0,5415960886813981129,0
recovery,8000,64,12,14821150358742339836,8000,8000,0,0,5415960886813981129,0
recovery,8000,64,13,12675336497378364689,8000,8000,0,0,5415960886813981129,0
recovery,8000,64,14,17540701031139622,8000,8000,0,0,5415960886813981129,0
recovery,8000,64,15,16318468714353460539,8000,8000,0,0,5415960886813981129,0
recovery,9000,64,0,12049091855481061376,9000,9000,0,0,5415960886813981129,0
recovery,9000,64,1,4107705679681829909,9000,9000,0,0,5415960886813981129,0
recovery,9000,64,2,11193708173193426986,9000,9000,0,0,5415960886813981129,0
recovery,9000,64,3,9047894483628143679,9000,9000,0,0,5415960886813981129,0
recovery,9000,64,4,16135025076069838932,9000,9000,0,0,5415960886813981129,0
recovery,9000,64,5,12692157135995546729,9000,9000,0,0,5415960886813981129,0
recovery,9000,64,6,1331415590157330558,9000,9000,0,0,5415960886813981129,0
recovery,9000,64,7,17632345871222383763,9000,9000,0,0,5415960886813981129,0
recovery,9000,64,8,6236699332328005800,9000,9000,0,0,5415960886813981129,0
recovery,9000,64,9,2937964000716922045,9000,9000,0,0,5415960886813981129,0
recovery,9000,64,10,9879833301649758418,9000,9000,0,0,5415960886813981129,0
recovery,9000,64,11,7734021742388253927,9000,9000,0,0,5415960886813981129,0
recovery,9000,64,12,14821150136075129084,9000,9000,0,0,5415960886813981129,0
recovery,9000,64,13,12675336480869584145,9000,9000,0,0,5415960886813981129,0
recovery,9000,64,14,17540581443143974,9000,9000,0,0,5415960886813981129,0
recovery,9000,64,15,16318468800923895099,9000,9000,0,0,5415960886813981129,0
recovery,10000,64,0,12049091837898539008,10000,10000,0,0,5415960886813981129,0
recovery,10000,64,1,4107705662904613909,10000,10000,0,0,5415960886813981129,0
recovery,10000,64,2,11193708156416210986,10000,10000,0,0,5415960886813981129,0
recovery,10000,64,3,9047894501210666047,10000,10000,0,0,5415960886813981129,0
recovery,10000,64,4,16135025093652361300,10000,10000,0,0,5415960886813981129,0
recovery,10000,64,5,12692157153578069097,10000,10000,0,0,5415960886813981129,0
recovery,10000,64,6,1331415573380114558,10000,10000,0,0,5415960886813981129,0
recovery,10000,64,7,17632345854445167763,10000,10000,0,0,5415960886813981129,0
recovery,10000,64,8,6236699315550789800,10000,10000,0,0,5415960886813981129,0
recovery,10000,64,9,2937964018299444413,10000,10000,0,0,5415960886813981129,0
recovery,10000,64,10,9879833319232280786,10000,10000,0,0,5415960886813981129,0
recovery,10000,64,11,7734021725611037927,10000,10000,0,0,5415960886813981129,0
recovery,10000,64,12,14821150119029477628,10000,10000,0,0,5415960886813981129,0
recovery,10000,64,13,12675336463823932689,10000,10000,0,0,5415960886813981129,0
recovery,10000,64,14,17540598757230886,10000,10000,0,0,5415960886813981129,0
recovery,10000,64,15,16318468818237982011,10000,10000,0,0,5415960886813981129,0
recovery,11000,64,0,12049091897625427968,11000,11000,0,0,5415960886813981129,0
recovery,11000,64,1,4107705641832430613,11000,11000,0,0,5415960886813981129,0
recovery,11000,64,2,11193708208358471722,11000,11000,0,0,5415960886813981129,0
recovery,11000,64,3,9047894454368678975,11000,11000,0,0,5415960886813981129,0
recovery,11000,64,4,16135025102644949076,11000,11000,0,0,5415960886813981129,0
recovery,11000,64,5,12692157098146147433,11000,11000,0,0,5415960886813981129,0
recovery,11000,64,6,1331415556602898558,11000,11000,0,0,5415960886813981129,0
recovery,11000,64,7,17632345910682395795,11000,11000,0,0,5415960886813981129,0
recovery,11000,64,8,6236699290183639208,11000,11000,0,0,5415960886813981129,0
recovery,11000,64,9,2937964031586999485,11000,11000,0,0,5415960886813981129,0
recovery,11000,64,10,9879833268095326418,11000,11000,0,0,5415960886813981129,0
recovery,11000,64,11,7734021713128789223,11000,11000,0,0,5415960886813981129,0
recovery,11000,64,12,14821150162650239228,11000,11000,0,0,5415960886813981129,0
recovery,11000,64,13,12675336443020184849,11000,11000,0,0,5415960886813981129,0
recovery,11000,64,14,17540616608188710,11000,11000,0,0,5415960886813981129,0
recovery,11000,64,15,16318468771664430395,11000,11000,0,0,5415960886813981129,0
recovery,12000,64,0,12049091880042905600,12000,12000,0,0,5415960886813981129,0
recovery,12000,64,1,4107705625055214613,12000,12000,0,0,5415960886813981129,0
recovery,12000,64,2,11193708191581255722,12000,12000,0,0,5415960886813981129,0
recovery,12000,64,3,9047894471951201343,12000,12000,0,0,5415960886813981129,0
recovery,12000,64,4,16135025120227471444,12000,12000,0,0,5415960886813981129,0
recovery,12000,64,5,12692157115728669801,12000,12000,0,0,5415960886813981129,0
recovery,12000,64,6,1331415539825682558,12000,12000,0,0,5415960886813981129,0
recovery,12000,64,7,17632345893905179795,12000,12000,0,0,5415960886813981129,0
recovery,12000,64,8,6236699273406423208,12000,12000,0,0,5415960886813981129,0
recovery,12000,64,9,2937964049169521853,12000,12000,0,0,5415960886813981129,0
recovery,12000,64,10,9879833285677848786,12000,12000,0,0,5415960886813981129,0
recovery,12000,64,11,7734021696351573223,12000,12000,0,0,5415960886813981129,0
recovery,12000,64,12,14821150145604587772,12000,12000,0,0,5415960886813981129,0
recovery,12000,64,13,12675336425974533393,12000,12000,0,0,5415960886813981129,0
recovery,12000,64,14,17540633922275622,12000,12000,0,0,5415960886813981129,0
recovery,12000,64,15,16318468788978517307,12000,12000,0,0,5415960886813981129,0
recovery,13000,64,0,12049091793740906496,13000,13000,0,0,5415960886813981129,0
recovery,13000,64,1,4107705745716952085,13000,13000,0,0,5415960886813981129,0
recovery,13000,64,2,11193708243523516458,13000,13000,0,0,5415960886813981129,0
recovery,13000,64,3,9047894420814246975,13000,13000,0,0,5415960886813981129,0
recovery,13000,64,4,16135025000371040340,13000,13000,0,0,5415960886813981129,0
recovery,13000,64,5,12692157202030668905,13000,13000,0,0,5415960886813981129,0
recovery,13000,64,6,1331415660487420030,13000,13000,0,0,5415960886813981129,0
recovery,13000,64,7,17632345945847440531,13000,13000,0,0,5415960886813981129,0
recovery,13000,64,8,6236699256629207208,13000,13000,0,0,5415960886813981129,0
recovery,13000,64,9,2937963929313090749,13000,13000,0,0,5415960886813981129,0
recovery,13000,64,10,9879833371979847890,13000,13000,0,0,5415960886813981129,0
recovery,13000,64,11,7734021817013310695,13000,13000,0,0,5415960886813981129,0
recovery,13000,64,12,14821150197815283964,13000,13000,0,0,5415960886813981129,0
recovery,13000,64,13,12675336409465752849,13000,13000,0,0,5415960886813981129,0
recovery,13000,64,14,17540514334279974,13000,13000,0,0,5415960886813981129,0
recovery,13000,64,15,16318468875548951867,13000,13000,0,0,5415960886813981129,0
recovery,14000,64,0,12049091776158384128,14000,14000,0,0,5415960886813981129,0
recovery,14000,64,1,4107705728939736085,14000,14000,0,0,5415960886813981129,0
recovery,14000,64,2,11193708226746300458,14000,14000,0,0,5415960886813981129,0
recovery,14000,64,3,9047894438396769343,14000,14000,0,0,5415960886813981129,0
recovery,14000,64,4,16135025017953562708,14000,14000,0,0,5415960886813981129,0
recovery,14000,64,5,12692157219613191273,14000,14000,0,0,5415960886813981129,0
recovery,14000,64,6,1331415643710204030,14000,14000,0,0,5415960886813981129,0
recovery,14000,64,7,17632345929070224531,14000,14000,0,0,5415960886813981129,0
recovery,14000,64,8,6236699239851991208,14000,14000,0,0,5415960886813981129,0
recovery,14000,64,9,2937963946895613117,14000,14000,0,0,5415960886813981129,0
recovery,14000,64,10,9879833389562370258,14000,14000,0,0,5415960886813981129,0
recovery,14000,64,11,7734021800236094695,14000,14000,0,0,5415960886813981129,0
recovery,14000,64,12,14821150180769632508,14000,14000,0,0,5415960886813981129,0
recovery,14000,64,13,12675336392420101393,14000,14000,0,0,5415960886813981129,0
recovery,14000,64,14,17540531648366886,14000,14000,0,0,5415960886813981129,0
recovery,14000,64,15,16318468892863038779,14000,14000,0,0,5415960886813981129,0
recovery,15000,64,0,12049091827295338496,15000,15000,0,0,5415960886813981129,0
recovery,15000,64,1,4107705712162520085,15000,15000,0,0,5415960886813981129,0
recovery,15000,64,2,11193708278688561194,15000,15000,0,0,5415960886813981129,0
recovery,15000,64,3,9047894387259814975,15000,15000,0,0,5415960886813981129,0
recovery,15000,64,4,16135025035536085076,15000,15000,0,0,5415960886813981129,0
recovery,15000,64,5,12692157168476236905,15000,15000,0,0,5415960886813981129,0
recovery,15000,64,6,1331415626932988030,15000,15000,0,0,5415960886813981129,0
recovery,15000,64,7,17632345981012485267,15000,15000,0,0,5415960886813981129,0
recovery,15000,64,8,6236699223074775208,15000,15000,0,0,5415960886813981129,0
recovery,15000,64,9,2937963964478135485,15000,15000,0,0,5415960886813981129,0
recovery,15000,64,10,9879833338425415890,15000,15000,0,0,5415960886813981129,0
recovery,15000,64,11,7734021783458878695,15000,15000,0,0,5415960886813981129,0
recovery,15000,64,12,14821150232980328700,15000,15000,0,0,5415960886813981129,0
recovery,15000,64,13,12675336375911320849,15000,15000,0,0,5415960886813981129,0
recovery,15000,64,14,17540549499324710,15000,15000,0,0,5415960886813981129,0
recovery,15000,64,15,16318468841994519867,15000,15000,0,0,5415960886813981129,0
recovery,16000,64,0,12049091809712816128,16000,16000,0,0,5415960886813981129,0
recovery,16000,64,1,4107705695385304085,16000,16000,0,0,5415960886813981129,0
recovery,16000,64,2,11193708261911345194,16000,16000,0,0,5415960886813981129,0
recovery,16000,64,3,9047894404842337343,16000,16000,0,0,5415960886813981129,0
recovery,16000,64,4,16135025053118607444,16000,16000,0,0,5415960886813981129,0
recovery,16000,64,5,12692157186058759273,16000,16000,0,0,5415960886813981129,0
recovery,16000,64,6,1331415610155772030,16000,16000,0,0,5415960886813981129,0
recovery,16000,64,7,17632345964235269267,16000,16000,0,0,5415960886813981129,0
recovery,16000,64,8,6236699206297559208,16000,16000,0,0,5415960886813981129,0
recovery,16000,64,9,2937963982060657853,16000,16000,0,0,5415960886813981129,0
recovery,16000,64,10,9879833356007938258,16000,16000,0,0,5415960886813981129,0
recovery,16000,64,11,7734021766681662695,16000,16000,0,0,5415960886813981129,0
recovery,16000,64,12,14821150215934677244,16000,16000,0,0,5415960886813981129,0
recovery,16000,64,13,12675336358865669393,16000,16000,0,0,5415960886813981129,0
recovery,16000,64,14,17540566813411622,16000,16000,0,0,5415960886813981129,0
recovery,16000,64,15,16318468859308606779,16000,16000,0,0,5415960886813981129,0
recovery,17000,64,0,12049091998288723968,17000,17000,0,0,5415960886813981129,0
recovery,17000,64,1,4107706086629981205,17000,17000,0,0,5415960886813981129,0
recovery,17000,64,2,11193708038975698986,17000,17000,0,0,5415960886813981129,0
recovery,17000,64,3,9047894899166229567,17000,17000,0,0,5415960886813981129,0
recovery,17000,64,4,16135024933262176340,17000,17000,0,0,5415960886813981129,0
recovery,17000,64,5,12692157268065791081,17000,17000,0,0,5415960886813981129,0
recovery,17000,64,6,1331415181061695614,17000,17000,0,0,5415960886813981129,0
recovery,17000,64,7,17632346011882562707,17000,17000,0,0,5415960886813981129,0
recovery,17000,64,8,6236698914642436264,17000,17000,0,0,5415960886813981129,0
recovery,17000,64,9,2937964132787166397,17000,17000,0,0,5415960886813981129,0
recovery,17000,64,10,9879833717187844306,17000,17000,0,0,5415960886813981129,0
recovery,17000,64,11,7734021608170525927,17000,17000,0,0,5415960886813981129,0
recovery,17000,64,12,14821150543023280380,17000,17000,0,0,5415960886813981129,0
recovery,17000,64,13,12675336338061921553,17000,17000,0,0,5415960886813981129,0
recovery,17000,64,14,17540996981229862,17000,17000,0,0,5415960886813981129,0
recovery,17000,64,15,16318468391828260155,17000,17000,0,0,5415960886813981129,0
recovery,18000,64,0,12049091980706201600,18000,18000,0,0,5415960886813981129,0
recovery,18000,64,1,4107706069852765205,18000,18000,0,0,5415960886813981129,0
recovery,18000,64,2,11193708022198482986,18000,18000,0,0,5415960886813981129,0
recovery,18000,64,3,9047894916748751935,18000,18000,0,0,5415960886813981129,0
recovery,18000,64,4,16135024950844698708,18000,18000,0,0,5415960886813981129,0
recovery,18000,64,5,12692157285648313449,18000,18000,0,0,5415960886813981129,0
recovery,18000,64,6,1331415164284479614,18000,18000,0,0,5415960886813981129,0
recovery,18000,64,7,17632345995105346707,18000,18000,0,0,5415960886813981129,0
recovery,18000,64,8,6236698897865220264,18000,18000,0,0,5415960886813981129,0
recovery,18000,64,9,2937964150369688765,18000,18000,0,0,5415960886813981129,0
recovery,18000,64,10,9879833734770366674,18000,18000,0,0,5415960886813981129,0
recovery,18000,64,11,7734021591393309927,18000,18000,0,0,5415960886813981129,0
recovery,18000,64,12,14821150525977628924,18000,18000,0,0,5415960886813981129,0
recovery,18000,64,13,12675336321016270097,18000,18000,0,0,5415960886813981129,0
recovery,18000,64,14,17541014295316774,18000,18000,0,0,5415960886813981129,0
recovery,18000,64,15,16318468409142347067,18000,18000,0,0,5415960886813981129,0
recovery,19000,64,0,12049092031843155968,19000,19000,0,0,5415960886813981129,0
recovery,19000,64,1,4107706053075549205,19000,19000,0,0,5415960886813981129,0
recovery,19000,64,2,11193708074140743722,19000,19000,0,0,5415960886813981129,0
recovery,19000,64,3,9047894865611797567,19000,19000,0,0,5415960886813981129,0
recovery,19000,64,4,16135024968427221076,19000,19000,0,0,5415960886813981129,0
recovery,19000,64,5,12692157234511359081,19000,19000,0,0,5415960886813981129,0
recovery,19000,64,6,1331415147507263614,19000,19000,0,0,5415960886813981129,0
recovery,19000,64,7,17632346047047607443,19000,19000,0,0,5415960886813981129,0
recovery,19000,64,8,6236698881088004264,19000,19000,0,0,5415960886813981129,0
recovery,19000,64,9,2937964167952211133,19000,19000,0,0,5415960886813981129,0
recovery,19000,64,10,9879833683633412306,19000,19000,0,0,5415960886813981129,0
recovery,19000,64,11,7734021574616093927,19000,19000,0,0,5415960886813981129,0
recovery,19000,64,12,14821150578188325116,19000,19000,0,0,5415960886813981129,0
recovery,19000,64,13,12675336304507489553,19000,19000,0,0,5415960886813981129,0
recovery,19000,64,14,17541032146274598,19000,19000,0,0,5415960886813981129,0
recovery,19000,64,15,16318468358273828155,19000,19000,0,0,5415960886813981129,0
recovery,20000,64,0,12049092014260633600,20000,20000,0,0,5415960886813981129,0
recovery,20000,64,1,4107706036298333205,20000,20000,0,0,5415960886813981129,0
recovery,20000,64,2,11193708057363527722,20000,20000,0,0,5415960886813981129,0
recovery,20000,64,3,9047894883194319935,20000,20000,0,0,5415960886813981129,0
recovery,20000,64,4,16135024986009743444,20000,20000,0,0,5415960886813981129,0
recovery,20000,64,5,12692157252093881449,20000,20000,0,0,5415960886813981129,0
recovery,20000,64,6,1331415130730047614,20000,20000,0,0,5415960886813981129,0
recovery,20000,64,7,17632346030270391443,20000,20000,0,0,5415960886813981129,0
recovery,20000,64,8,6236698864310788264,20000,20000,0,0,5415960886813981129,0
recovery,20000,64,9,2937964185534733501,20000,20000,0,0,5415960886813981129,0
recovery,20000,64,10,9879833701215934674,20000,20000,0,0,5415960886813981129,0
recovery,20000,64,11,7734021557838877927,20000,20000,0,0,5415960886813981129,0
recovery,20000,64,12,14821150561142673660,20000,20000,0,0,5415960886813981129,0
recovery,20000,64,13,12675336287461838097,20000,20000,0,0,5415960886813981129,0
recovery,20000,64,14,17541049460361510,20000,20000,0,0,5415960886813981129,0
recovery,20000,64,15,16318468375587915067,20000,20000,0,0,5415960886813981129,0
recovery,21000,64,0,12049091927958634496,21000,21000,0,0,5415960886813981129,0
recovery,21000,64,1,4107706156960070677,21000,21000,0,0,5415960886813981129,0
recovery,21000,64,2,11193708109305788458,21000,21000,0,0,5415960886813981129,0
recovery,21000,64,3,9047894832057365567,21000,21000,0,0,5415960886813981129,0
recovery,21000,64,4,16135024866153312340,21000,21000,0,0,5415960886813981129,0
recovery,21000,64,5,12692157338395880553,21000,21000,0,0,5415960886813981129,0
recovery,21000,64,6,1331415251391785086,21000,21000,0,0,5415960886813981129,0
recovery,21000,64,7,17632346082212652179,21000,21000,0,0,5415960886813981129,0
recovery,21000,64,8,6236698847533572264,21000,21000,0,0,5415960886813981129,0
recovery,21000,64,9,2937964065678302397,21000,21000,0,0,5415960886813981129,0
recovery,21000,64,10,9879833787517933778,21000,21000,0,0,5415960886813981129,0
recovery,21000,64,11,7734021678500615399,21001,21000,0,0,5415960886813981129,0
recovery,21000,64,12,14821150613353369852,21000,21000,0,0,5415960886813981129,0
recovery,21000,64,13,12675336270953057553,21000,21000,0,0,5415960886813981129,0
recovery,21000,64,14,17540929872365862,21000,21000,0,0,5415960886813981129,0
recovery,21000,64,15,16318468462158349627,21000,21000,0,0,5415960886813981129,0
recovery,22000,64,0,12049091918966046720,22000,22000,0,0,5415960886813981129,0
recovery,22000,64,1,4107706153067756565,22000,22000,0,0,5415960886813981129,0
recovery,22000,64,2,11193708075348703274,22001,22000,0,0,5415960886813981129,0
recovery,22000,64,3,9047894853934855231,22000,22000,0,0,5415960886813981129,0
recovery,22000,64,4,16135024892325769300,22000,22000,0,0,5415960886813981129,0
recovery,22000,64,5,12692157351683435625,22000,22000,0,0,5415960886813981129,0
recovery,22000,64,6,1331415234614569086,22000,22000,0,0,5415960886813981129,0
recovery,22000,64,7,17632346052550534291,22000,22000,0,0,5415960886813981129,0
recovery,22000,64,8,6236698822166421672,22000,22000,0,0,5415960886813981129,0
recovery,22000,64,9,2937964096145726653,22000,22000,0,0,5415960886813981129,0
recovery,22000,64,10,9879833787920586962,22000,22000,0,0,5415960886813981129,0
recovery,22000,64,11,7734021666018366695,22000,22000,0,0,5415960886813981129,0
recovery,22000,64,12,14821150604897652988,22000,22000,0,0,5415960886813981129,0
recovery,22000,64,13,12675336249612438801,22000,22000,0,0,5415960886813981129,0
recovery,22000,64,14,17540947186452774,22000,22000,0,0,5415960886813981129,0
recovery,22000,64,15,16318468466587534651,22000,22000,0,0,5415960886813981129,0
recovery,23000,64,0,12049091970103001088,23000,23000,0,0,5415960886813981129,0
recovery,23000,64,1,4107706136290540565,23000,23000,0,0,5415960886813981129,0
recovery,23000,64,2,11193708127290964010,23001,23000,0,0,5415960886813981129,0
recovery,23000,64,3,9047894802797900863,23000,23000,0,0,5415960886813981129,0
recovery,23000,64,4,16135024909908291668,23000,23000,0,0,5415960886813981129,0
recovery,23000,64,5,12692157300546481257,23000,23000,0,0,5415960886813981129,0
recovery,23000,64,6,1331415217837353086,23000,23000,0,0,5415960886813981129,0
recovery,23000,64,7,17632346104492795027,23000,23000,0,0,5415960886813981129,0
recovery,23000,64,8,6236698805389205672,23000,23000,0,0,5415960886813981129,0
recovery,23000,64,9,2937964113728249021,23000,23000,0,0,5415960886813981129,0
recovery,23000,64,10,9879833736783632594,23000,23000,0,0,5415960886813981129,0
recovery,23000,64,11,7734021649241150695,23000,23000,0,0,5415960886813981129,0
recovery,23000,64,12,14821150657108349180,23000,23000,0,0,5415960886813981129,0
recovery,23000,64,13,12675336233103658257,23000,23000,0,0,5415960886813981129,0
recovery,23000,64,14,17540965037410598,23000,23000,0,0,5415960886813981129,0
recovery,23000,64,15,16318468415719015739,23000,23000,0,0,5415960886813981129,0
recovery,24000,64,0,12049091952520478720,24000,24000,0,0,5415960886813981129,0
recovery,24000,64,1,4107706119513324565,24000,24000,0,0,5415960886813981129,0
recovery,24000,64,2,11193708110513748010,24000,24000,0,0,5415960886813981129,0
recovery,24000,64,3,9047894820380423231,24000,24000,0,0,5415960886813981129,0
recovery,24000,64,4,16135024927490814036,24000,24000,0,0,5415960886813981129,0
recovery,24000,64,5,12692157318129003625,24001,24000,0,0,5415960886813981129,0
recovery,24000,64,6,1331415201060137086,24000,24000,0,0,5415960886813981129,0
recovery,24000,64,7,17632346087715579027,24000,24000,0,0,5415960886813981129,0
recovery,24000,64,8,6236698788611989672,24000,24000,0,0,5415960886813981129,0
recovery,24000,64,9,2937964131310771389,24000,24000,0,0,5415960886813981129,0
recovery,24000,64,10,9879833754366154962,24000,24000,0,0,5415960886813981129,0
recovery,24000,64,11,7734021632463934695,24000,24000,0,0,5415960886813981129,0
recovery,24000,64,12,14821150640062697724,24000,24000,0,0,5415960886813981129,0
recovery,24000,64,13,12675336216058006801,24000,24000,0,0,5415960886813981129,0
recovery,24000,64,14,17540982351497510,24000,24000,0,0,5415960886813981129,0
recovery,24000,64,15,16318468433033102651,24000,24000,0,0,5415960886813981129,0
recovery,25000,64,0,12049092141096386560,25000,25000,0,0,5415960886813981129,0
recovery,25000,64,1,4107705965297155093,25000,25000,0,0,5415960886813981129,0
recovery,25000,64,2,11193707887578101802,25000,25000,0,0,5415960886813981129,0
recovery,25000,64,3,9047894769243468863,25000,25000,0,0,5415960886813981129,0
recovery,25000,64,4,16135024807634382932,25001,25000,0,0,5415960886813981129,0
recovery,25000,64,5,12692157404431002729,25000,25000,0,0,5415960886813981129,0
recovery,25000,64,6,1331415321721874558,25000,25000,0,0,5415960886813981129,0
recovery,25000,64,7,17632346139657839763,25000,25000,0,0,5415960886813981129,0
recovery,25000,64,8,6236699046712680616,25000,25000,0,0,5415960886813981129,0
recovery,25000,64,9,2937964286332247229,25000,25000,0,0,5415960886813981129,0
recovery,25000,64,10,9879833565790247122,25000,25000,0,0,5415960886813981129,0
recovery,25000,64,11,7734021478247765223,25000,25000,0,0,5415960886813981129,0
recovery,25000,64,12,14821150417395486972,25000,25000,0,0,5415960886813981129,0
recovery,25000,64,13,12675336199549226257,25000,25000,0,0,5415960886813981129,0
recovery,25000,64,14,17540862763501862,25000,25000,0,0,5415960886813981129,0
recovery,25000,64,15,16318468519603537211,25000,25000,0,0,5415960886813981129,0
recovery,26000,64,0,12049092123513864192,26000,26000,0,0,5415960886813981129,0
recovery,26000,64,1,4107705948519939093,26000,26000,0,0,5415960886813981129,0
recovery,26000,64,2,11193707870800885802,26000,26000,0,0,5415960886813981129,0
recovery,26000,64,3,9047894786825991231,26000,26000,0,0,5415960886813981129,0
recovery,26000,64,4,16135024825216905300,26000,26000,0,0,5415960886813981129,0
recovery,26000,64,5,12692157422013525097,26000,26000,0,0,5415960886813981129,0
recovery,26000,64,6,1331415304944658558,26000,26000,0,0,5415960886813981129,0
recovery,26000,64,7,17632346122880623763,26000,26000,0,0,5415960886813981129,0
recovery,26000,64,8,6236699029935464616,26000,26000,0,0,5415960886813981129,0
recovery,26000,64,9,2937964303914769597,26000,26000,0,0,5415960886813981129,0
recovery,26000,64,10,9879833583372769490,26000,26000,0,0,5415960886813981129,0
recovery,26000,64,11,7734021461470549223,26000,26000,0,0,5415960886813981129,0
recovery,26000,64,12,14821150400349835516,26000,26000,0,0,5415960886813981129,0
recovery,26000,64,13,12675336182503574801,26000,26000,0,0,5415960886813981129,0
recovery,26000,64,14,17540880077588774,26000,26000,0,0,5415960886813981129,0
recovery,26000,64,15,16318468536917624123,26000,26000,0,0,5415960886813981129,0
recovery,27000,64,0,12049092174650818560,27000,27000,0,0,5415960886813981129,0
recovery,27000,64,1,4107705927447755797,27000,27000,0,0,5415960886813981129,0
recovery,27000,64,2,11193707922743146538,27000,27000,0,0,5415960886813981129,0
recovery,27000,64,3,9047894731394069567,27000,27000,0,0,5415960886813981129,0
recovery,27000,64,4,16135024842799427668,27000,27000,0,0,5415960886813981129,0
recovery,27000,64,5,12692157366581603433,27000,27000,0,0,5415960886813981129,0
recovery,27000,64,6,1331415288167442558,27000,27000,0,0,5415960886813981129,0
recovery,27000,64,7,17632346170527917203,27000,27000,0,0,5415960886813981129,0
recovery,27000,64,8,6236699013158248616,27000,27000,0,0,5415960886813981129,0
recovery,27000,64,9,2937964317202324669,27000,27000,0,0,5415960886813981129,0
recovery,27000,64,10,9879833532235815122,27000,27000,0,0,5415960886813981129,0
recovery,27000,64,11,7734021440398365927,27000,27000,0,0,5415960886813981129,0
recovery,27000,64,12,14821150452560531708,27000,27000,0,0,5415960886813981129,0
recovery,27000,64,13,12675336161699826961,27000,27000,0,0,5415960886813981129,0
recovery,27000,64,14,17540897928546598,27000,27000,0,0,5415960886813981129,0
recovery,27000,64,15,16318468481754137915,27000,27000,0,0,5415960886813981129,0
recovery,28000,64,0,12049092157068296192,28000,28000,0,0,5415960886813981129,0
recovery,28000,64,1,4107705910670539797,28000,28000,0,0,5415960886813981129,0
recovery,28000,64,2,11193707905965930538,28000,28000,0,0,5415960886813981129,0
recovery,28000,64,3,9047894748976591935,28000,28000,0,0,5415960886813981129,0
recovery,28000,64,4,16135024860381950036,28000,28000,0,0,5415960886813981129,0
recovery,28000,64,5,12692157384164125801,28000,28001,0,0,5415960886813981129,0
recovery,28000,64,6,1331415271390226558,28000,28000,0,0,5415960886813981129,0
recovery,28000,64,7,17632346153750701203,28000,28000,0,0,5415960886813981129,0
recovery,28000,64,8,6236698996381032616,28000,28000,0,0,5415960886813981129,0
recovery,28000,64,9,2937964334784847037,28000,28000,0,0,5415960886813981129,0
recovery,28000,64,10,9879833549818337490,28000,28000,0,0,5415960886813981129,0
recovery,28000,64,11,7734021423621149927,28000,28000,0,0,5415960886813981129,0
recovery,28000,64,12,14821150435514880252,28000,28000,0,0,5415960886813981129,0
recovery,28000,64,13,12675336144654175505,28000,28000,0,0,5415960886813981129,0
recovery,28000,64,14,17540915242633510,28000,28000,0,0,5415960886813981129,0
recovery,28000,64,15,16318468499068224827,28000,28000,0,0,5415960886813981129,0
recovery,29000,64,0,12049092070766297088,29000,29000,0,0,5415960886813981129,0
recovery,29000,64,1,4107706031332277269,29000,29000,0,0,5415960886813981129,0
recovery,29000,64,2,11193707957908191274,29000,29000,0,0,5415960886813981129,0
recovery,29000,64,3,9047894697839637567,29000,29000,0,0,5415960886813981129,0
recovery,29000,64,4,16135024740525518932,29000,29000,0,0,5415960886813981129,0
recovery,29000,64,5,12692157470466124905,29000,29000,0,0,5415960886813981129,0
recovery,29000,64,6,1331415392051964030,29000,29000,0,0,5415960886813981129,0
recovery,29000,64,7,17632346205692961939,29000,29000,0,0,5415960886813981129,0
recovery,29000,64,8,6236698979603816616,29000,29000,0,0,5415960886813981129,0
recovery,29000,64,9,2937964214928415933,29000,29000,0,0,5415960886813981129,0
recovery,29000,64,10,9879833636120336594,29000,29000,0,0,5415960886813981129,0
recovery,29000,64,11,7734021544282887399,29000,29000,0,0,5415960886813981129,0
recovery,29000,64,12,14821150487725576444,29000,29000,0,0,5415960886813981129,0
recovery,29000,64,13,12675336128145394961,29000,29000,0,0,5415960886813981129,0
recovery,29000,64,14,17540795654637862,29000,29000,0,0,5415960886813981129,0
recovery,29000,64,15,16318468585638659387,29000,29000,0,0,5415960886813981129,0
recovery,30000,64,0,12049092053183774720,30000,30000,0,0,5415960886813981129,0
recovery,30000,64,1,4107706014555061269,30000,30000,0,0,5415960886813981129,0
recovery,30000,64,2,11193707941130975274,30000,30000,0,0,5415960886813981129,0
recovery,30000,64,3,9047894715422159935,30001,30000,0,0,5415960886813981129,0
recovery,30000,64,4,16135024758108041300,30000,30000,0,0,5415960886813981129,0
recovery,30000,64,5,12692157488048647273,30000,30000,0,0,5415960886813981129,0
recovery,30000,64,6,1331415375274748030,30000,30000,0,0,5415960886813981129,0
recovery,30000,64,7,17632346188915745939,30000,30000,0,0,5415960886813981129,0
recovery,30000,64,8,6236698962826600616,30000,30000,0,0,5415960886813981129,0
recovery,30000,64,9,2937964232510938301,30000,30000,0,0,5415960886813981129,0
recovery,30000,64,10,9879833653702858962,30000,30000,0,0,5415960886813981129,0
recovery,30000,64,11,7734021527505671399,30000,30000,0,0,5415960886813981129,0
recovery,30000,64,12,14821150470679924988,30000,30000,0,0,5415960886813981129,0
recovery,30000,64,13,12675336111099743505,30000,30000,0,0,5415960886813981129,0
recovery,30000,64,14,17540812968724774,30000,30000,0,0,5415960886813981129,0
recovery,30000,64,15,16318468602952746299,30000,30000,0,0,5415960886813981129,0
recovery,31000,64,0,12049092104320729088,31000,31000,0,0,5415960886813981129,0
recovery,31000,64,1,4107705997777845269,31000,31000,0,0,5415960886813981129,0
recovery,31000,64,2,11193707993073236010,31000,31000,0,0,5415960886813981129,0
recovery,31000,64,3,9047894664285205567,31000,31000,0,0,5415960886813981129,0
recovery,31000,64,4,16135024775690563668,31000,31000,0,0,5415960886813981129,0
recovery,31000,64,5,12692157436911692905,31000,31000,0,0,5415960886813981129,0
recovery,31000,64,6,1331415358497532030,31000,31000,0,0,5415960886813981129,0
recovery,31000,64,7,17632346240858006675,31000,31000,0,0,5415960886813981129,0
recovery,31000,64,8,6236698946049384616,31000,31000,0,0,5415960886813981129,0
recovery,31000,64,9,2937964250093460669,31000,31000,0,0,5415960886813981129,0
recovery,31000,64,10,9879833602565904594,31000,31000,0,0,5415960886813981129,0
recovery,31000,64,11,7734021510728455399,31000,31000,0,0,5415960886813981129,0
recovery,31000,64,12,14821150522890621180,31000,31000,0,0,5415960886813981129,0
recovery,31000,64,13,12675336094590962961,31000,31000,0,0,5415960886813981129,0
recovery,31000,64,14,17540830819682598,31000,31000,0,0,5415960886813981129,0
recovery,31000,64,15,16318468552084227387,31000,31000,0,0,5415960886813981129,0
recovery,32000,64,0,12049092086738206720,32000,32000,0,0,5415960886813981129,0
recovery,32000,64,1,4107705981000629269,32000,32000,0,0,5415960886813981129,0
recovery,32000,64,2,11193707976296020010,32000,32000,0,0,5415960886813981129,0
recovery,32000,64,3,9047894681867727935,32001,32000,0,0,5415960886813981129,0
recovery,32000,64,4,16135024793273086036,32001,32000,0,0,5415960886813981129,0
recovery,32000,64,5,12692157454494215273,32000,32000,0,0,5415960886813981129,0
recovery,32000,64,6,1331415341720316030,32000,32000,0,0,5415960886813981129,0
recovery,32000,64,7,17632346224080790675,32000,32000,0,0,5415960886813981129,0
recovery,32000,64,8,6236698929272168616,32000,32000,0,0,5415960886813981129,0
recovery,32000,64,9,2937964267675983037,32000,32000,0,0,5415960886813981129,0
recovery,32000,64,10,9879833620148426962,32000,32000,0,0,5415960886813981129,0
recovery,32000,64,11,7734021493951239399,32000,32000,0,0,5415960886813981129,0
recovery,32000,64,12,14821150505844969724,32000,32000,0,0,5415960886813981129,0
recovery,32000,64,13,12675336077545311505,32000,32000,0,0,5415960886813981129,0
recovery,32000,64,14,17540848133769510,32000,32000,0,0,5415960886813981129,0
recovery,32000,64,15,16318468569398314299,32000,32000,0,0,5415960886813981129,0
recovery,33000,64,0,12049092283904049152,33000,33000,0,0,5415960886813981129,0
recovery,33000,64,1,4107705272733678613,33000,33000,0,0,5415960886813981129,0
recovery,33000,64,2,11193708852872001578,33000,33000,0,0,5415960886813981129,0
recovery,33000,64,3,9047895184781554751,33000,33000,0,0,5415960886813981129,0
recovery,33000,64,4,16135024664826720340,33000,33000,0,0,5415960886813981129,0
recovery,33000,64,5,12692156436989619305,33000,33000,0,0,5415960886813981129,0
recovery,33000,64,6,1331416012137867390,33000,33000,0,0,5415960886813981129,0
recovery,33000,64,7,17632346280318018707,33000,33000,0,0,5415960886813981129,0
recovery,33000,64,8,6236698629027111080,33000,33000,0,0,5415960886813981129,0
recovery,33000,64,9,2937963318890863805,33000,33000,0,0,5415960886813981129,0
recovery,33000,64,10,9879833981328333010,33000,33000,0,0,5415960886813981129,0
recovery,33000,64,11,7734021344030037223,33000,33000,0,0,5415960886813981129,0
recovery,33000,64,12,14821149724832010492,33000,33000,0,0,5415960886813981129,0
recovery,33000,64,13,12675337156253191441,33000,33000,0,0,5415960886813981129,0
recovery,33000,64,14,17541278301587750,33000,33000,0,0,5415960886813981129,0
recovery,33000,64,15,16318468110507902267,33000,33000,0,0,5415960886813981129,0
recovery,34000,64,0,12049092266321526784,34000,34000,0,0,5415960886813981129,0
recovery,34000,64,1,4107705255956462613,34000,34000,0,0,5415960886813981129,0
recovery,34000,64,2,11193708836094785578,34000,34000,0,0,5415960886813981129,0
recovery,34000,64,3,9047895202364077119,34000,34000,0,0,5415960886813981129,0
recovery,34000,64,4,16135024682409242708,34000,34001,0,0,5415960886813981129,0
recovery,34000,64,5,12692156454572141673,34000,34000,0,0,5415960886813981129,0
recovery,34000,64,6,1331415995360651390,34000,34000,0,0,5415960886813981129,0
recovery,34000,64,7,17632346263540802707,34000,34000,0,0,5415960886813981129,0
recovery,34000,64,8,6236698612249895080,34000,34000,0,0,5415960886813981129,0
recovery,34000,64,9,2937963336473386173,34000,34000,0,0,5415960886813981129,0
recovery,34000,64,10,9879833998910855378,34000,34000,0,0,5415960886813981129,0
recovery,34000,64,11,7734021327252821223,34000,34000,0,0,5415960886813981129,0
recovery,34000,64,12,14821149707786359036,34000,34000,0,0,5415960886813981129,0
recovery,34000,64,13,12675337139207539985,34000,34000,0,0,5415960886813981129,0
recovery,34000,64,14,17541295615674662,34000,34000,0,0,5415960886813981129,0
recovery,34000,64,15,16318468127821989179,34000,34000,0,0,5415960886813981129,0
recovery,35000,64,0,12049092317458481152,35000,35000,0,0,5415960886813981129,0
recovery,35000,64,1,4107705239179246613,35000,35000,0,0,5415960886813981129,0
recovery,35000,64,2,11193708888037046314,35000,35000,0,0,5415960886813981129,0
recovery,35000,64,3,9047895151227122751,35000,35000,0,0,5415960886813981129,0
recovery,35000,64,4,16135024699991765076,35000,35000,0,0,5415960886813981129,0
recovery,35000,64,5,12692156403435187305,35001,35000,0,0,5415960886813981129,0
recovery,35000,64,6,1331415978583435390,35000,35000,0,0,5415960886813981129,0
recovery,35000,64,7,17632346315483063443,35000,35000,0,0,5415960886813981129,0
recovery,35000,64,8,6236698595472679080,35000,35000,0,0,5415960886813981129,0
recovery,35000,64,9,2937963354055908541,35000,35000,0,0,5415960886813981129,0
recovery,35000,64,10,9879833947773901010,35000,35000,0,0,5415960886813981129,0
recovery,35000,64,11,7734021310475605223,35000,35000,0,0,5415960886813981129,0
recovery,35000,64,12,14821149759997055228,35000,35000,0,0,5415960886813981129,0
recovery,35000,64,13,12675337122698759441,35000,35001,0,0,5415960886813981129,0
recovery,35000,64,14,17541313466632486,35000,35000,0,0,5415960886813981129,0
recovery,35000,64,15,16318468076953470267,35000,35000,0,0,5415960886813981129,0
recovery,36000,64,0,12049092299875958784,36000,36000,0,0,5415960886813981129,0
recovery,36000,64,1,4107705222402030613,36000,36000,0,0,5415960886813981129,0
recovery,36000,64,2,11193708871259830314,36000,36000,0,0,5415960886813981129,0
recovery,36000,64,3,9047895168809645119,36000,36000,0,0,5415960886813981129,0
recovery,36000,64,4,16135024717574287444,36000,36001,0,0,5415960886813981129,0
recovery,36000,64,5,12692156421017709673,36000,36000,0,0,5415960886813981129,0
recovery,36000,64,6,1331415961806219390,36000,36000,0,0,5415960886813981129,0
recovery,36000,64,7,17632346298705847443,36000,36000,0,0,5415960886813981129,0
recovery,36000,64,8,6236698578695463080,36000,36000,0,0,5415960886813981129,0
recovery,36000,64,9,2937963371638430909,36000,36000,0,0,5415960886813981129,0
recovery,36000,64,10,9879833965356423378,36000,36000,0,0,5415960886813981129,0
recovery,36000,64,11,7734021293698389223,36000,36000,0,0,5415960886813981129,0
recovery,36000,64,12,14821149742951403772,36000,36000,0,0,5415960886813981129,0
recovery,36000,64,13,12675337105653107985,36000,36000,0,0,5415960886813981129,0
recovery,36000,64,14,17541330780719398,36000,36000,0,0,5415960886813981129,0
recovery,36000,64,15,16318468094267557179,36000,36000,0,0,5415960886813981129,0
recovery,37000,64,0,12049092213573959680,37000,37000,0,0,5415960886813981129,0
recovery,37000,64,1,4107705343063768085,37000,37000,0,0,5415960886813981129,0
recovery,37000,64,2,11193708923202091050,37000,37000,0,0,5415960886813981129,0
recovery,37000,64,3,9047895117672690751,37000,37000,0,0,5415960886813981129,0
recovery,37000,64,4,16135024597717856340,37000,37000,0,0,5415960886813981129,0
recovery,37000,64,5,12692156507319708777,37000,37000,0,0,5415960886813981129,0
recovery,37000,64,6,1331416082467956862,37000,37000,0,0,5415960886813981129,0
recovery,37000,64,7,17632346350648108179,37000,37000,0,0,5415960886813981129,0
recovery,37000,64,8,6236698561918247080,37000,37000,0,0,5415960886813981129,0
recovery,37000,64,9,2937963251781999805,37000,37000,0,0,5415960886813981129,0
recovery,37000,64,10,9879834051658422482,37000,37000,0,0,5415960886813981129,0
recovery,37000,64,11,7734021414360126695,37000,37000,0,0,5415960886813981129,0
recovery,37000,64,12,14821149795162099964,37000,37000,0,0,5415960886813981129,0
recovery,37000,64,13,12675337089144327441,37000,37000,0,0,5415960886813981129,0
recovery,37000,64,14,17541211192723750,37000,37000,0,0,5415960886813981129,0
recovery,37000,64,15,16318468180837991739,37000,37000,0,0,5415960886813981129,0
recovery,38000,64,0,12049092195991437312,38000,38000,0,0,5415960886813981129,0
recovery,38000,64,1,4107705321991584789,38000,38000,0,0,5415960886813981129,0
recovery,38000,64,2,11193708906424875050,38000,38000,0,0,5415960886813981129,0
recovery,38000,64,3,9047895130960245823,38000,38000,0,0,5415960886813981129,0
recovery,38000,64,4,16135024615300378708,38000,38000,0,0,5415960886813981129,0
recovery,38000,64,5,12692156520607263849,38000,38000,0,0,5415960886813981129,0
recovery,38000,64,6,1331416065690740862,38000,38000,0,0,5415960886813981129,0
recovery,38000,64,7,17632346329575924883,38000,38000,0,0,5415960886813981129,0
recovery,38000,64,8,6236698545141031080,38000,38000,0,0,5415960886813981129,0
recovery,38000,64,9,2937963265069554877,38001,38000,0,0,5415960886813981129,0
recovery,38000,64,10,9879834069240944850,38000,38000,0,0,5415960886813981129,0
recovery,38000,64,11,7734021393287943399,38000,38000,0,0,5415960886813981129,0
recovery,38000,64,12,14821149778116448508,38000,38000,0,0,5415960886813981129,0
recovery,38000,64,13,12675337067803708689,38000,38000,0,0,5415960886813981129,0
recovery,38000,64,14,17541228506810662,38000,38000,0,0,5415960886813981129,0
recovery,38000,64,15,16318468193857111355,38000,38000,0,0,5415960886813981129,0
recovery,39000,64,0,12049092247128391680,39000,39000,0,0,5415960886813981129,0
recovery,39000,64,1,4107705305214368789,39000,39000,0,0,5415960886813981129,0
recovery,39000,64,2,11193708958367135786,39000,39000,0,0,5415960886813981129,0
recovery,39000,64,3,9047895079823291455,39000,39000,0,0,5415960886813981129,0
recovery,39000,64,4,16135024632882901076,39000,39000,0,0,5415960886813981129,0
recovery,39000,64,5,12692156469470309481,39000,39000,0,0,5415960886813981129,0
recovery,39000,64,6,1331416048913524862,39000,39000,0,0,5415960886813981129,0
recovery,39000,64,7,17632346381518185619,39000,39000,0,0,5415960886813981129,0
recovery,39000,64,8,6236698528363815080,39000,39000,0,0,5415960886813981129,0
recovery,39000,64,9,2937963282652077245,39000,39000,0,0,5415960886813981129,0
recovery,39000,64,10,9879834018103990482,39000,39000,0,0,5415960886813981129,0
recovery,39000,64,11,7734021376510727399,39000,39000,0,0,5415960886813981129,0
recovery,39000,64,12,14821149830327144700,39000,39000,0,0,5415960886813981129,0
recovery,39000,64,13,12675337051294928145,39000,39000,0,0,5415960886813981129,0
recovery,39000,64,14,17541246357768486,39000,39000,0,0,5415960886813981129,0
recovery,39000,64,15,16318468142988592443,39000,39000,0,0,5415960886813981129,0
recovery,40000,64,0,12049092229545869312,40000,40000,0,0,5415960886813981129,0
recovery,40000,64,1,4107705288437152789,40000,40000,0,0,5415960886813981129,0
recovery,40000,64,2,11193708941589919786,40000,40000,0,0,5415960886813981129,0
recovery,40000,64,3,9047895097405813823,40000,40000,0,0,5415960886813981129,0
recovery,40000,64,4,16135024650465423444,40000,40000,0,0,5415960886813981129,0
recovery,40000,64,5,12692156487052831849,40000,40000,0,0,5415960886813981129,0
recovery,40000,64,6,1331416032136308862,40000,40000,0,0,5415960886813981129,0
recovery,40000,64,7,17632346364740969619,40000,40000,0,0,5415960886813981129,0
recovery,40000,64,8,6236698511586599080,40000,40000,0,0,5415960886813981129,0
recovery,40000,64,9,2937963300234599613,40000,40000,0,0,5415960886813981129,0
recovery,40000,64,10,9879834035686512850,40000,40000,0,0,5415960886813981129,0
recovery,40000,64,11,7734021359733511399,40000,40000,0,0,5415960886813981129,0
recovery,40000,64,12,14821149813281493244,40000,40000,0,0,5415960886813981129,0
recovery,40000,64,13,12675337034249276689,40000,40000,0,0,5415960886813981129,0
recovery,40000,64,14,17541263671855398,40000,40000,0,0,5415960886813981129,0
recovery,40000,64,15,16318468160302679355,40000,40000,0,0,5415960886813981129,0
recovery,41000,64,0,12049092418121777152,41000,41000,0,0,5415960886813981129,0
recovery,41000,64,1,4107705134220983317,41000,41000,0,0,5415960886813981129,0
recovery,41000,64,2,11193708718654273578,41000,41000,0,0,5415960886813981129,0
recovery,41000,64,3,9047895046268859455,41000,41000,0,0,5415960886813981129,0
recovery,41000,64,4,16135024530608992340,41000,41000,0,0,5415960886813981129,0
recovery,41000,64,5,12692156573354830953,41000,41000,0,0,5415960886813981129,0
recovery,41000,64,6,1331416152798046334,41000,41000,0,0,5415960886813981129,0
recovery,41000,64,7,17632346416683230355,41000,41000,0,0,5415960886813981129,0
recovery,41000,64,8,6236698769687290024,41000,41000,0,0,5415960886813981129,0
recovery,41000,64,9,2937963455256075453,41000,41000,0,0,5415960886813981129,0
recovery,41000,64,10,9879833847110605010,41000,41000,0,0,5415960886813981129,0
recovery,41000,64,11,7734021205517341927,41000,41000,0,0,5415960886813981129,0
recovery,41000,64,12,14821149590614282492,41000,41000,0,0,5415960886813981129,0
recovery,41000,64,13,12675337017740496145,41000,41000,0,0,5415960886813981129,0
recovery,41000,64,14,17541144083859750,41000,41000,0,0,5415960886813981129,0
recovery,41000,64,15,16318468246873113915,41000,41000,0,0,5415960886813981129,0
recovery,42000,64,0,12049092400539254784,42000,42000,0,0,5415960886813981129,0
recovery,42000,64,1,4107705117443767317,42000,42000,0,0,5415960886813981129,0
recovery,42000,64,2,11193708701877057578,42000,42000,0,0,5415960886813981129,0
recovery,42000,64,3,9047895063851381823,42000,42000,0,0,5415960886813981129,0
recovery,42000,64,4,16135024548191514708,42000,42000,0,0,5415960886813981129,0
recovery,42000,64,5,12692156590937353321,42000,42000,0,0,5415960886813981129,0
recovery,42000,64,6,1331416136020830334,42000,42000,0,0,5415960886813981129,0
recovery,42000,64,7,17632346399906014355,42000,42000,0,0,5415960886813981129,0
recovery,42000,64,8,6236698752910074024,42000,42000,0,0,5415960886813981129,0
recovery,42000,64,9,2937963472838597821,42000,42000,0,0,5415960886813981129,0
recovery,42000,64,10,9879833864693127378,42000,42000,0,0,5415960886813981129,0
recovery,42000,64,11,7734021188740125927,42000,42000,0,0,5415960886813981129,0
recovery,42000,64,12,14821149573568631036,42000,42000,0,0,5415960886813981129,0
recovery,42000,64,13,12675337000694844689,42000,42000,0,0,5415960886813981129,0
recovery,42000,64,14,17541161397946662,42000,42000,0,0,5415960886813981129,0
recovery,42000,64,15,16318468264187200827,42000,42000,0,0,5415960886813981129,0
recovery,43000,64,0,12049092391546667008,43000,43000,0,0,5415960886813981129,0
recovery,43000,64,1,4107705113551453205,43000,43000,0,0,5415960886813981129,0
recovery,43000,64,2,11193708702279710762,43000,43000,0,0,5415960886813981129,0
recovery,43000,64,3,9047895051369133119,43000,43000,0,0,5415960886813981129,0
recovery,43000,64,4,16135024540004233300,43000,43000,0,0,5415960886813981129,0
recovery,43000,64,5,12692156604224908393,43000,43000,0,0,5415960886813981129,0
recovery,43000,64,6,1331416119243614334,43000,43000,0,0,5415960886813981129,0
recovery,43000,64,7,17632346404603634835,43000,43000,0,0,5415960886813981129,0
recovery,43000,64,8,6236698761902661800,43000,43000,0,0,5415960886813981129,0
recovery,43000,64,9,2937963468946283709,43000,43000,0,0,5415960886813981129,0
recovery,43000,64,10,9879833865095780562,43000,43000,0,0,5415960886813981129,0
recovery,43000,64,11,7734021176257877223,43000,43000,0,0,5415960886813981129,0
recovery,43000,64,12,14821149565649785084,43000,43000,0,0,5415960886813981129,0
recovery,43000,64,13,12675337014250835217,43000,43000,0,0,5415960886813981129,0
recovery,43000,64,14,17541144889166118,43000,43000,0,0,5415960886813981129,0
recovery,43000,64,15,16318468269153256763,43000,43000,0,0,5415960886813981129,0
recovery,44000,64,0,12049092442683621376,44000,44000,0,0,5415960886813981129,0
recovery,44000,64,1,4107705096774237205,44000,44000,0,0,5415960886813981129,0
recovery,44000,64,2,11193708754221971498,44000,44000,0,0,5415960886813981129,0
recovery,44000,64,3,9047895000232178751,44000,44000,0,0,5415960886813981129,0
recovery,44000,64,4,16135024557586755668,44000,44000,0,0,5415960886813981129,0
recovery,44000,64,5,12692156553087954025,44000,44000,0,0,5415960886813981129,0
recovery,44000,64,6,1331416102466398334,44000,44000,0,0,5415960886813981129,0
recovery,44000,64,7,17632346456545895571,44000,44000,0,0,5415960886813981129,0
recovery,44000,64,8,6236698745125445800,44000,44000,0,0,5415960886813981129,0
recovery,44000,64,9,2937963486528806077,44000,44000,0,0,5415960886813981129,0
recovery,44000,64,10,9879833813958826194,44001,44000,0,0,5415960886813981129,0
recovery,44000,64,11,7734021159480661223,44000,44000,0,0,5415960886813981129,0
recovery,44000,64,12,14821149617323610364,44000,44000,0,0,5415960886813981129,0
recovery,44000,64,13,12675336997205183761,44000,44000,0,0,5415960886813981129,0
recovery,44000,64,14,17541162203253030,44000,44000,0,0,5415960886813981129,0
recovery,44000,64,15,16318468217747866939,44000,44000,0,0,5415960886813981129,0
recovery,45000,64,0,12049092425101099008,45000,45000,0,0,5415960886813981129,0
recovery,45000,64,1,4107705079997021205,45000,45000,0,0,5415960886813981129,0
recovery,45000,64,2,11193708737444755498,45000,45000,0,0,5415960886813981129,0
recovery,45000,64,3,9047895017814701119,45000,45000,0,0,5415960886813981129,0
recovery,45000,64,4,16135024575169278036,45000,45000,0,0,5415960886813981129,0
recovery,45000,64,5,12692156570670476393,45001,45000,0,0,5415960886813981129,0
recovery,45000,64,6,1331416085689182334,45000,45000,0,0,5415960886813981129,0
recovery,45000,64,7,17632346439768679571,45000,45000,0,0,5415960886813981129,0
recovery,45000,64,8,6236698728348229800,45000,45000,0,0,5415960886813981129,0
recovery,45000,64,9,2937963504111328445,45000,45000,0,0,5415960886813981129,0
recovery,45000,64,10,9879833831541348562,45000,45000,0,0,5415960886813981129,0
recovery,45000,64,11,7734021142703445223,45000,45000,0,0,5415960886813981129,0
recovery,45000,64,12,14821149600814829820,45000,45000,0,0,5415960886813981129,0
recovery,45000,64,13,12675336980696403217,45000,45000,0,0,5415960886813981129,0
recovery,45000,64,14,17541180054210854,45000,45000,0,0,5415960886813981129,0
recovery,45000,64,15,16318468235598824763,45000,45000,0,0,5415960886813981129,0
recovery,46000,64,0,12049092338799099904,46000,46000,0,0,5415960886813981129,0
recovery,46000,64,1,4107705200658758677,46000,46000,0,0,5415960886813981129,0
recovery,46000,64,2,11193708789387016234,46000,46000,0,0,5415960886813981129,0
recovery,46000,64,3,9047894966677746751,46000,46000,0,0,5415960886813981129,0
recovery,46000,64,4,16135024455312846932,46000,46000,0,0,5415960886813981129,0
recovery,46000,64,5,12692156656972475497,46000,46000,0,0,5415960886813981129,0
recovery,46000,64,6,1331416206350919806,46000,46000,0,0,5415960886813981129,0
recovery,46000,64,7,17632346491710940307,46000,46000,0,0,5415960886813981129,0
recovery,46000,64,8,6236698711571013800,46000,46000,0,0,5415960886813981129,0
recovery,46000,64,9,2937963384254897341,46000,46000,0,0,5415960886813981129,0
recovery,46000,64,10,9879833917843347666,46000,46000,0,0,5415960886813981129,0
recovery,46000,64,11,7734021263365182695,46000,46000,0,0,5415960886813981129,0
recovery,46000,64,12,14821149652488655100,46000,46000,0,0,5415960886813981129,0
recovery,46000,64,13,12675336963650751761,46000,46000,0,0,5415960886813981129,0
recovery,46000,64,14,17541059929344294,46000,46000,0,0,5415960886813981129,0
recovery,46000,64,15,16318468321632388411,46000,46000,0,0,5415960886813981129,0
recovery,47000,64,0,12049092321216577536,47000,47000,0,0,5415960886813981129,0
recovery,47000,64,1,4107705183881542677,47000,47000,0,0,5415960886813981129,0
recovery,47000,64,2,11193708772609800234,47000,47000,0,0,5415960886813981129,0
recovery,47000,64,3,9047894984260269119,47000,47000,0,0,5415960886813981129,0
recovery,47000,64,4,16135024472895369300,47000,47000,0,0,5415960886813981129,0
recovery,47000,64,5,12692156674554997865,47000,47000,0,0,5415960886813981129,0
recovery,47000,64,6,1331416189573703806,47000,47000,0,0,5415960886813981129,0
recovery,47000,64,7,17632346474933724307,47000,47000,0,0,5415960886813981129,0
recovery,47000,64,8,6236698694793797800,47000,47000,0,0,5415960886813981129,0
recovery,47000,64,9,2937963401837419709,47000,47000,0,0,5415960886813981129,0
recovery,47000,64,10,9879833935425870034,47000,47000,0,0,5415960886813981129,0
recovery,47000,64,11,7734021246587966695,47000,47000,0,0,5415960886813981129,0
recovery,47000,64,12,14821149635979874556,47000,47000,0,0,5415960886813981129,0
recovery,47000,64,13,12675336947141971217,47000,47000,0,0,5415960886813981129,0
recovery,47000,64,14,17541077780302118,47000,47000,0,0,5415960886813981129,0
recovery,47000,64,15,16318468339483346235,47000,47000,0,0,5415960886813981129,0
recovery,48000,64,0,12049092372353531904,48000,48000,0,0,5415960886813981129,0
recovery,48000,64,1,4107705167104326677,48000,48000,0,0,5415960886813981129,0
recovery,48000,64,2,11193708824552060970,48000,48000,0,0,5415960886813981129,0
recovery,48000,64,3,9047894933123314751,48000,48000,0,0,5415960886813981129,0
recovery,48000,64,4,16135024490477891668,48000,48000,0,0,5415960886813981129,0
recovery,48000,64,5,12692156623418043497,48000,48000,0,0,5415960886813981129,0
recovery,48000,64,6,1331416172796487806,48000,48000,0,0,5415960886813981129,0
recovery,48000,64,7,17632346526875985043,48000,48000,0,0,5415960886813981129,0
recovery,48000,64,8,6236698678016581800,48000,48000,0,0,5415960886813981129,0
recovery,48000,64,9,2937963419419942077,48000,48000,0,0,5415960886813981129,0
recovery,48000,64,10,9879833884288915666,48000,48000,0,0,5415960886813981129,0
recovery,48000,64,11,7734021229810750695,48000,48000,0,0,5415960886813981129,0
recovery,48000,64,12,14821149687653699836,48000,48000,0,0,5415960886813981129,0
recovery,48000,64,13,12675336930096319761,48000,48000,0,0,5415960886813981129,0
recovery,48000,64,14,17541095094389030,48000,48000,0,0,5415960886813981129,0
recovery,48000,64,15,16318468288077956411,48000,48000,0,0,5415960886813981129,0
recovery,49000,64,0,12049092354771009536,49000,49000,0,0,5415960886813981129,0
recovery,49000,64,1,4107705146032143381,49000,49000,0,0,5415960886813981129,0
recovery,49000,64,2,11193708807774844970,49000,49000,0,0,5415960886813981129,0
recovery,49000,64,3,9047894946410869823,49000,49000,0,0,5415960886813981129,0
recovery,49000,64,4,16135024508060414036,49000,49000,0,0,5415960886813981129,0
recovery,49000,64,5,12692156636705598569,49000,49000,0,0,5415960886813981129,0
recovery,49000,64,6,1331416156019271806,49000,49001,0,0,5415960886813981129,0
recovery,49000,64,7,17632346505803801747,49000,49000,0,0,5415960886813981129,0
recovery,49000,64,8,6236698661239365800,49000,49000,0,0,5415960886813981129,0
recovery,49000,64,9,2937963432707497149,49000,49000,0,0,5415960886813981129,0
recovery,49000,64,10,9879833901871438034,49000,49000,0,0,5415960886813981129,0
recovery,49000,64,11,7734021208738567399,49000,49000,0,0,5415960886813981129,0
recovery,49000,64,12,14821149671144919292,49000,49000,0,0,5415960886813981129,0
recovery,49000,64,13,12675336909292571921,49000,49000,0,0,5415960886813981129,0
recovery,49000,64,14,17541112945346854,49000,49000,0,0,5415960886813981129,0
recovery,49000,64,15,16318468301633946939,49000,49000,0,0,5415960886813981129,0
recovery,50000,64,0,12049092543346917376,50000,50000,0,0,5415960886813981129,0
recovery,50000,64,1,4107705541571787797,50000,50000,0,0,5415960886813981129,0
recovery,50000,64,2,11193708584839198762,50000,50000,0,0,5415960886813981129,0
recovery,50000,64,3,9047895445029729343,50000,50000,0,0,5415960886813981129,0
recovery,50000,64,4,16135024388203982932,50000,50000,0,0,5415960886813981129,0
recovery,50000,64,5,12692156723007597673,50000,50000,0,0,5415960886813981129,0
recovery,50000,64,6,1331415726925195390,50000,50000,0,0,5415960886813981129,0
recovery,50000,64,7,17632346557746062483,50000,50000,0,0,5415960886813981129,0
recovery,50000,64,8,6236698369584242856,50000,50000,0,0,5415960886813981129,0
recovery,50000,64,9,2937963587728972989,50000,50000,0,0,5415960886813981129,0
recovery,50000,64,10,9879834263051344082,50000,50000,0,0,5415960886813981129,0
recovery,50000,64,11,7734021054522397927,50000,50000,0,0,5415960886813981129,0
recovery,50000,64,12,14821149997696651516,50000,50000,0,0,5415960886813981129,0
recovery,50000,64,13,12675336892246920465,50000,50000,0,0,5415960886813981129,0
recovery,50000,64,14,17541542576294182,50000,50000,0,0,5415960886813981129,0
recovery,50000,64,15,16318467837911696699,50000,50000,0,0,5415960886813981129,0
recovery,51000,64,0,12049092525764395008,51000,51000,0,0,5415960886813981129,0
recovery,51000,64,1,4107705524794571797,51000,51000,0,0,5415960886813981129,0
recovery,51000,64,2,11193708568061982762,51000,51000,0,0,5415960886813981129,0
recovery,51000,64,3,9047895462612251711,51000,51000,0,0,5415960886813981129,0
recovery,51000,64,4,16135024405786505300,51000,51000,0,0,5415960886813981129,0
recovery,51000,64,5,12692156740590120041,51000,51000,0,0,5415960886813981129,0
recovery,51000,64,6,1331415710147979390,0,51000,0,0,5415960886813981129,0
recovery,51000,64,7,17632346540968846483,51000,51000,0,0,5415960886813981129,0
recovery,51000,64,8,6236698352807026856,51000,51000,0,0,5415960886813981129,0
recovery,51000,64,9,2937963605311495357,51000,51000,0,0,5415960886813981129,0
recovery,51000,64,10,9879834280633866450,51000,51000,0,0,5415960886813981129,0
recovery,51000,64,11,7734021037745181927,51000,51000,0,0,5415960886813981129,0
recovery,51000,64,12,14821149981187870972,51000,51000,0,0,5415960886813981129,0
recovery,51000,64,13,12675336875738139921,51000,51000,0,0,5415960886813981129,0
recovery,51000,64,14,17541560427252006,51000,51000,0,0,5415960886813981129,0
recovery,51000,64,15,16318467855762654523,51001,51000,0,0,5415960886813981129,0
recovery,52000,64,0,12049092576901349376,52000,52000,0,0,5415960886813981129,0
recovery,52000,64,1,4107705508017355797,52000,52000,0,0,5415960886813981129,0
recovery,52000,64,2,11193708620004243498,52000,52000,0,0,5415960886813981129,0
recovery,52000,64,3,9047895411475297343,52000,52000,0,0,5415960886813981129,0
recovery,52000,64,4,16135024423369027668,52000,52000,0,0,5415960886813981129,0
recovery,52000,64,5,12692156689453165673,52000,52000,0,0,5415960886813981129,0
recovery,52000,64,6,1331415693370763390,52000,52000,0,0,5415960886813981129,0
recovery,52000,64,7,17632346592911107219,52000,52000,0,0,5415960886813981129,0
recovery,52000,64,8,6236698336029810856,52000,52000,0,0,5415960886813981129,0
recovery,52000,64,9,2937963622894017725,52000,52000,0,0,5415960886813981129,0
recovery,52000,64,10,9879834229496912082,52000,52000,0,0,5415960886813981129,0
recovery,52000,64,11,7734021020967965927,52000,52000,0,0,5415960886813981129,0
recovery,52000,64,12,14821150032861696252,52000,52000,0,0,5415960886813981129,0
recovery,52000,64,13,12675336858692488465,52000,52000,0,0,5415960886813981129,0
recovery,52000,64,14,17541577741338918,52000,52000,0,0,5415960886813981129,0
recovery,52000,64,15,16318467804357264699,52000,52000,0,0,5415960886813981129,0
recovery,53000,64,0,12049092559318827008,53000,53000,0,0,5415960886813981129,0
recovery,53000,64,1,4107705491240139797,53000,53000,0,0,5415960886813981129,0
recovery,53000,64,2,11193708603227027498,53000,53000,0,0,5415960886813981129,0
recovery,53000,64,3,9047895429057819711,53000,53000,0,0,5415960886813981129,0
recovery,53000,64,4,16135024440951550036,53000,53000,0,0,5415960886813981129,0
recovery,53000,64,5,12692156707035688041,53000,53000,0,0,5415960886813981129,0
recovery,53000,64,6,1331415676593547390,53000,53000,0,0,5415960886813981129,0
recovery,53000,64,7,17632346576133891219,53000,53000,0,0,5415960886813981129,0
recovery,53000,64,8,6236698319252594856,53000,53000,0,0,5415960886813981129,0
recovery,53000,64,9,2937963640476540093,53000,53000,0,0,5415960886813981129,0
recovery,53000,64,10,9879834247079434450,53000,53000,0,0,5415960886813981129,0
recovery,53000,64,11,7734021004190749927,53000,53000,0,0,5415960886813981129,0
recovery,53000,64,12,14821150016352915708,53000,53000,0,0,5415960886813981129,0
recovery,53000,64,13,12675336842183707921,53000,53000,0,0,5415960886813981129,0
recovery,53000,64,14,17541595592296742,53000,53000,0,0,5415960886813981129,0
recovery,53000,64,15,16318467822208222523,53000,53000,0,0,5415960886813981129,0
recovery,54000,64,0,12049092481606762496,54000,54000,0,0,5415960886813981129,0
recovery,54000,64,1,4107705607606909973,54000,54000,0,0,5415960886813981129,0
recovery,54000,64,2,11193708655169288234,54000,54000,0,0,5415960886813981129,0
recovery,54000,64,3,9047895382215832639,54000,54000,0,0,5415960886813981129,0
recovery,54000,64,4,16135024312505184340,54000,54001,0,0,5415960886813981129,0
recovery,54000,64,5,12692156789042719849,54000,54000,0,0,5415960886813981129,0
recovery,54000,64,6,1331415797255284862,54000,54000,0,0,5415960886813981129,0
recovery,54000,64,7,17632346632371119251,54000,54000,0,0,5415960886813981129,0
recovery,54000,64,8,6236698293885444264,54000,54000,0,0,5415960886813981129,0
recovery,54000,64,9,2937963516325141693,54000,54000,0,0,5415960886813981129,0
recovery,54000,64,10,9879834333381433554,54000,54000,0,0,5415960886813981129,0
recovery,54000,64,11,7734021129147454695,54000,54000,0,0,5415960886813981129,0
recovery,54000,64,12,14821150059436806396,54000,54000,0,0,5415960886813981129,0
recovery,54000,64,13,12675336820843089169,54000,54000,0,0,5415960886813981129,0
recovery,54000,64,14,17541475467430182,54000,54000,0,0,5415960886813981129,0
recovery,54000,64,15,16318467912536753467,54000,54000,0,0,5415960886813981129,0
recovery,55000,64,0,12049092464024240128,55000,55000,0,0,5415960886813981129,0
recovery,55000,64,1,4107705590829693973,55000,55000,0,0,5415960886813981129,0
recovery,55000,64,2,11193708638392072234,55000,55000,0,0,5415960886813981129,0
recovery,55000,64,3,9047895399798355007,55000,55000,0,0,5415960886813981129,0
recovery,55000,64,4,16135024330087706708,55000,55000,0,0,5415960886813981129,0
recovery,55000,64,5,12692156806625242217,55000,55000,0,0,5415960886813981129,0
recovery,55000,64,6,1331415780478068862,55000,55000,0,0,5415960886813981129,0
recovery,55000,64,7,17632346615593903251,55000,55000,0,0,5415960886813981129,0
recovery,55000,64,8,6236698277108228264,55000,55000,0,0,5415960886813981129,0
recovery,55000,64,9,2937963533907664061,55000,55000,0,0,5415960886813981129,0
recovery,55000,64,10,9879834350963955922,55000,55000,0,0,5415960886813981129,0
recovery,55000,64,11,7734021112370238695,55000,55000,0,0,5415960886813981129,0
recovery,55000,64,12,14821150042928025852,55000,55000,0,0,5415960886813981129,0
recovery,55000,64,13,12675336804334308625,55000,55000,0,0,5415960886813981129,0
recovery,55000,64,14,17541493318388006,55000,55000,0,0,5415960886813981129,0
recovery,55000,64,15,16318467930387711291,55000,55000,0,0,5415960886813981129,0
recovery,56000,64,0,12049092515161194496,56001,56000,0,0,5415960886813981129,0
recovery,56000,64,1,4107705574052477973,56000,56000,0,0,5415960886813981129,0
recovery,56000,64,2,11193708690334332970,56000,56000,0,0,5415960886813981129,0
recovery,56000,64,3,9047895348661400639,56000,56000,0,0,5415960886813981129,0
recovery,56000,64,4,16135024347670229076,56000,56000,0,0,5415960886813981129,0
recovery,56000,64,5,12692156755488287849,56000,56000,0,0,5415960886813981129,0
recovery,56000,64,6,1331415763700852862,56000,56000,0,0,5415960886813981129,0
recovery,56000,64,7,17632346667536163987,56000,56000,0,0,5415960886813981129,0
recovery,56000,64,8,6236698260331012264,56000,56000,0,0,5415960886813981129,0
recovery,56000,64,9,2937963551490186429,56001,56000,0,0,5415960886813981129,0
recovery,56000,64,10,9879834299827001554,56000,56000,0,0,5415960886813981129,0
recovery,56000,64,11,7734021095593022695,56000,56000,0,0,5415960886813981129,0
recovery,56000,64,12,14821150094601851132,56000,56000,0,0,5415960886813981129,0
recovery,56000,64,13,12675336787288657169,56000,56000,0,0,5415960886813981129,0
recovery,56000,64,14,17541510632474918,56000,56000,0,0,5415960886813981129,0
recovery,56000,64,15,16318467878982321467,56000,56000,0,0,5415960886813981129,0
recovery,57000,64,0,12049092497578672128,57000,57000,0,0,5415960886813981129,0
recovery,57000,64,1,4107705557275261973,57000,57000,0,0,5415960886813981129,0
recovery,57000,64,2,11193708673557116970,57000,57000,0,0,5415960886813981129,0
recovery,57000,64,3,9047895366243923007,57000,57000,0,0,5415960886813981129,0
recovery,57000,64,4,16135024365252751444,57000,57000,0,0,5415960886813981129,0
recovery,57000,64,5,12692156773070810217,57000,57000,0,0,5415960886813981129,0
recovery,57000,64,6,1331415746923636862,57000,57000,0,0,5415960886813981129,0
recovery,57000,64,7,17632346650758947987,57000,57000,0,0,5415960886813981129,0
recovery,57000,64,8,6236698243553796264,57000,57000,0,0,5415960886813981129,0
recovery,57000,64,9,2937963569072708797,57000,57000,0,0,5415960886813981129,0
recovery,57000,64,10,9879834317409523922,57000,57000,0,0,5415960886813981129,0
recovery,57000,64,11,7734021078815806695,57000,57000,0,0,5415960886813981129,0
recovery,57000,64,12,14821150078093070588,57000,57000,0,0,5415960886813981129,0
recovery,57000,64,13,12675336770779876625,57000,57000,0,0,5415960886813981129,0
recovery,57000,64,14,17541528483432742,57000,57000,0,0,5415960886813981129,0
recovery,57000,64,15,16318467896833279291,57000,57000,0,0,5415960886813981129,0
recovery,58000,64,0,12049092686154579968,58000,58000,0,0,5415960886813981129,0
recovery,58000,64,1,4107705403059092501,58000,58000,0,0,5415960886813981129,0
recovery,58000,64,2,11193708450621470762,58000,58000,0,0,5415960886813981129,0
recovery,58000,64,3,9047895315106968639,58000,58000,0,0,5415960886813981129,0
recovery,58000,64,4,16135024245396320340,58000,58000,0,0,5415960886813981129,0
recovery,58000,64,5,12692156859372809321,58000,58000,0,0,5415960886813981129,0
recovery,58000,64,6,1331415867585374334,58000,58000,0,0,5415960886813981129,0
recovery,58000,64,7,17632346702701208723,58000,58000,0,0,5415960886813981129,0
recovery,58000,64,8,6236698501654487208,58000,58001,0,0,5415960886813981129,0
recovery,58000,64,9,2937963724094184637,58000,58000,0,0,5415960886813981129,0
recovery,58000,64,10,9879834128833616082,58000,58000,0,0,5415960886813981129,0
recovery,58000,64,11,7734020924599637223,58000,58000,0,0,5415960886813981129,0
recovery,58000,64,12,14821149854888988924,58000,58000,0,0,5415960886813981129,0
recovery,58000,64,13,12675336753734225169,58000,58000,0,0,5415960886813981129,0
recovery,58000,64,14,17541408358566182,58000,58000,0,0,5415960886813981129,0
recovery,58000,64,15,16318467982866842939,58000,58000,0,0,5415960886813981129,0
recovery,59000,64,0,12049092668572057600,59000,59000,0,0,5415960886813981129,0
recovery,59000,64,1,4107705381986909205,59000,59000,0,0,5415960886813981129,0
recovery,59000,64,2,11193708433844254762,59000,59000,0,0,5415960886813981129,0
recovery,59000,64,3,9047895328394523711,59000,59000,0,0,5415960886813981129,0
recovery,59000,64,4,16135024262978842708,59000,59000,0,0,5415960886813981129,0
recovery,59000,64,5,12692156872660364393,59000,59000,0,0,5415960886813981129,0
recovery,59000,64,6,1331415850808158334,59000,59000,0,0,5415960886813981129,0
recovery,59000,64,7,17632346681629025427,59000,59000,0,0,5415960886813981129,0
recovery,59000,64,8,6236698484877271208,59000,59000,0,0,5415960886813981129,0
recovery,59000,64,9,2937963737381739709,59000,59000,0,0,5415960886813981129,0
recovery,59000,64,10,9879834146416138450,59000,59000,0,0,5415960886813981129,0
recovery,59000,64,11,7734020903527453927,59000,59000,0,0,5415960886813981129,0
recovery,59000,64,12,14821149838380208380,59000,59000,0,0,5415960886813981129,0
recovery,59000,64,13,12675336732930477329,59000,59000,0,0,5415960886813981129,0
recovery,59000,64,14,17541426209524006,59000,59000,0,0,5415960886813981129,0
recovery,59000,64,15,16318467996422833467,59000,59000,0,0,5415960886813981129,0
recovery,60000,64,0,12049092719709011968,60000,60000,0,0,5415960886813981129,0
recovery,60000,64,1,4107705365209693205,60000,60000,0,0,5415960886813981129,0
recovery,60000,64,2,11193708485786515498,60000,60000,0,0,5415960886813981129,0
recovery,60000,64,3,9047895277257569343,60000,60000,0,0,5415960886813981129,0
recovery,60000,64,4,16135024280561365076,60000,60000,0,0,5415960886813981129,0
recovery,60000,64,5,12692156821523410025,60000,60000,0,0,5415960886813981129,0
recovery,60000,64,6,1331415834030942334,60000,60000,0,0,5415960886813981129,0
recovery,60000,64,7,17632346733571286163,60000,60000,0,0,5415960886813981129,0
recovery,60000,64,8,6236698468100055208,60000,60000,0,0,5415960886813981129,0
recovery,60000,64,9,2937963754964262077,60000,60000,0,0,5415960886813981129,0
recovery,60000,64,10,9879834095279184082,60000,60000,0,0,5415960886813981129,0
recovery,60000,64,11,7734020886750237927,60000,60000,0,0,5415960886813981129,0
recovery,60000,64,12,14821149890054033660,60000,60000,0,0,5415960886813981129,0
recovery,60000,64,13,12675336715884825873,60000,60000,0,0,5415960886813981129,0
recovery,60000,64,14,17541443523610918,60000,60000,0,0,5415960886813981129,0
recovery,60000,64,15,16318467945017443643,60000,60000,0,0,5415960886813981129,0
recovery,61000,64,0,12049092702126489600,61000,61000,0,0,5415960886813981129,0
recovery,61000,64,1,4107705348432477205,61000,61000,0,0,5415960886813981129,0
recovery,61000,64,2,11193708469009299498,61000,61000,0,0,5415960886813981129,0
recovery,61000,64,3,9047895294840091711,61000,61000,0,0,5415960886813981129,0
recovery,61000,64,4,16135024298143887444,61000,61000,0,0,5415960886813981129,0
recovery,61000,64,5,12692156839105932393,61000,61000,0,0,5415960886813981129,0
recovery,61000,64,6,1331415817253726334,61000,61000,0,0,5415960886813981129,0
recovery,61000,64,7,17632346716794070163,61000,61000,0,0,5415960886813981129,0
recovery,61000,64,8,6236698451322839208,61000,61000,0,0,5415960886813981129,0
recovery,61000,64,9,2937963772546784445,61000,61000,0,0,5415960886813981129,0
recovery,61000,64,10,9879834112861706450,61000,61000,0,0,5415960886813981129,0
recovery,61000,64,11,7734020869973021927,61000,61000,0,0,5415960886813981129,0
recovery,61000,64,12,14821149873545253116,61000,61000,0,0,5415960886813981129,0
recovery,61000,64,13,12675336699376045329,61000,61000,0,0,5415960886813981129,0
recovery,61000,64,14,17541461374568742,61000,61000,0,0,5415960886813981129,0
recovery,61000,64,15,16318467962868401467,61000,61000,0,0,5415960886813981129,0
recovery,62000,64,0,12049092615824490496,62000,62000,0,0,5415960886813981129,0
recovery,62000,64,1,4107705469094214677,62000,62000,0,0,5415960886813981129,0
recovery,62000,64,2,11193708520951560234,62000,62000,0,0,5415960886813981129,0
recovery,62000,64,3,9047895243703137343,62000,62000,0,0,5415960886813981129,0
recovery,62000,64,4,16135024178287456340,62000,62000,0,0,5415960886813981129,0
recovery,62000,64,5,12692156925407931497,62000,62000,0,0,5415960886813981129,0
recovery,62000,64,6,1331415937915463806,62000,62000,0,0,5415960886813981129,0
recovery,62000,64,7,17632346768736330899,62000,62000,0,0,5415960886813981129,0
recovery,62000,64,8,6236698434545623208,62000,62000,0,0,5415960886813981129,0
recovery,62000,64,9,2937963652690353341,62000,62000,0,0,5415960886813981129,0
recovery,62000,64,10,9879834199163705554,62000,62000,0,0,5415960886813981129,0
recovery,62000,64,11,7734020990634759399,62000,62000,0,0,5415960886813981129,0
recovery,62000,64,12,14821149925219078396,62000,62000,0,0,5415960886813981129,0
recovery,62000,64,13,12675336682330393873,62000,62000,0,0,5415960886813981129,0
recovery,62000,64,14,17541341249702182,62000,62000,0,0,5415960886813981129,0
recovery,62000,64,15,16318468048901965115,62000,62000,0,0,5415960886813981129,0
recovery,63000,64,0,12049092598241968128,63000,63000,0,0,5415960886813981129,0
recovery,63000,64,1,4107705452316998677,63000,63000,0,0,5415960886813981129,0
recovery,63000,64,2,11193708504174344234,63000,63000,0,0,5415960886813981129,0
recovery,63000,64,3,9047895261285659711,63000,63000,0,0,5415960886813981129,0
recovery,63000,64,4,16135024195869978708,63000,63000,0,0,5415960886813981129,0
recovery,63000,64,5,12692156942990453865,63000,63000,0,0,5415960886813981129,0
recovery,63000,64,6,1331415921138247806,63000,63000,0,0,5415960886813981129,0
recovery,63000,64,7,17632346751959114899,63000,63000,0,0,5415960886813981129,0
recovery,63000,64,8,6236698417768407208,63000,63000,0,0,5415960886813981129,0
recovery,63000,64,9,2937963670272875709,63000,63000,0,0,5415960886813981129,0
recovery,63000,64,10,9879834216746227922,63000,63000,0,0,5415960886813981129,0
recovery,63000,64,11,7734020973857543399,63000,63000,0,0,5415960886813981129,0
recovery,63000,64,12,14821149908710297852,63000,63000,0,0,5415960886813981129,0
recovery,63000,64,13,12675336665821613329,63000,63000,0,0,5415960886813981129,0
recovery,63000,64,14,17541359100660006,63000,63000,0,0,5415960886813981129,0
recovery,63000,64,15,16318468066752922939,63000,63000,0,0,5415960886813981129,0
recovery,64000,64,0,12049092649378922496,64000,64000,0,0,5415960886813981129,0
recovery,64000,64,1,4107705435539782677,64000,64000,0,0,5415960886813981129,0
recovery,64000,64,2,11193708556116604970,64000,64000,0,0,5415960886813981129,0
recovery,64000,64,3,9047895210148705343,64000,64000,0,0,5415960886813981129,0
recovery,64000,64,4,16135024213452501076,64000,64000,0,0,5415960886813981129,0
recovery,64000,64,5,12692156891853499497,64000,64000,0,0,5415960886813981129,0
recovery,64000,64,6,1331415904361031806,64000,64000,0,0,5415960886813981129,0
recovery,64000,64,7,17632346803901375635,64000,64000,0,0,5415960886813981129,0
recovery,64000,64,8,6236698400991191208,64000,64000,0,0,5415960886813981129,0
recovery,64000,64,9,2937963687855398077,64000,64000,0,0,5415960886813981129,0
recovery,64000,64,10,9879834165609273554,64000,64000,0,0,5415960886813981129,0
recovery,64000,64,11,7734020957080327399,64000,64000,0,0,5415960886813981129,0
recovery,64000,64,12,14821149960384123132,64000,64000,0,0,5415960886813981129,0
recovery,64000,64,13,12675336648775961873,64000,64000,0,0,5415960886813981129,0
recovery,64000,64,14,17541376414746918,64000,64000,0,0,5415960886813981129,0
recovery,64000,64,15,16318468015347533115,64000,64000,0,0,5415960886813981129,0
recovery,8,1280,0,12049091730390450176,8,8,0,0,5415960886813981129,0
recovery,8,1280,1,4107705821952965653,8,8,0,0,5415960886813981129,0
recovery,8,1280,2,11193708306874103850,8,8,0,0,5415960886813981129,0
recovery,8,1280,3,9047894634488558655,8,8,0,0,5415960886813981129,0
recovery,8,1280,4,16135025218340843604,8,8,0,0,5415960886813981129,0
recovery,8,1280,5,12692156986208382057,8,8,0,0,5415960886813981129,0
recovery,8,1280,6,1331415466139969662,8,8,0,0,5415960886813981129,0
recovery,8,1280,7,17632345730025546899,8,8,0,0,5415960886813981129,0
recovery,8,1280,8,6236699182541234344,8,8,0,0,5415960886813981129,0
recovery,8,1280,9,2937963868109626557,8,8,0,0,5415960886813981129,0
recovery,8,1280,10,9879833435330959570,8,8,0,0,5415960886813981129,0
recovery,8,1280,11,7734021893249193191,8,8,0,0,5415960886813981129,0
recovery,8,1280,12,14821150278345609468,8,8,0,0,5415960886813981129,0
recovery,8,1280,13,12675336605960850705,8,8,0,0,5415960886813981129,0
recovery,8,1280,14,17540732304214310,8,9,0,0,5415960886813981129,0
recovery,8,1280,15,16318468659726533947,8,8,0,0,5415960886813981129,0
recovery,128,1280,0,12049091732403716096,128,128,0,0,5415960886813981129,0
recovery,128,1280,1,4107705824234667029,128,128,0,0,5415960886813981129,0
recovery,128,1280,2,11193708304860837930,128,128,0,0,5415960886813981129,0
recovery,128,1280,3,9047894636770260031,128,128,0,0,5415960886813981129,0
recovery,128,1280,4,16135025216327577684,128,128,0,0,5415960886813981129,0
recovery,128,1280,5,12692156988490083433,128,128,0,0,5415960886813981129,0
recovery,128,1280,6,1331415464126703742,128,128,0,0,5415960886813981129,0
recovery,128,1280,7,17632345732307248275,128,128,0,0,5415960886813981129,0
recovery,128,1280,8,6236699180527968424,128,128,0,0,5415960886813981129,0
recovery,128,1280,9,2937963870391327933,128,128,0,0,5415960886813981129,0
recovery,128,1280,10,9879833433317693650,128,128,0,0,5415960886813981129,0
recovery,128,1280,11,7734021895530894567,128,128,0,0,5415960886813981129,0
recovery,128,1280,12,14821150276063908092,128,128,0,0,5415960886813981129,0
recovery,128,1280,13,12675336607974116625,128,128,0,0,5415960886813981129,0
recovery,128,1280,14,17540730022512934,128,128,0,0,5415960886813981129,0
recovery,128,1280,15,16318468661739799867,128,128,0,0,5415960886813981129,0
recovery,512,1280,0,12049091721666297856,512,512,0,0,5415960886813981129,0
recovery,512,1280,1,4107705813497248789,512,512,0,0,5415960886813981129,0
recovery,512,1280,2,11193708315598256170,512,512,0,0,5415960886813981129,0
recovery,512,1280,3,9047894626032841791,512,512,0,0,5415960886813981129,0
recovery,512,1280,4,16135025209885126740,512,512,0,0,5415960886813981129,0
recovery,512,1280,5,12692156994932534377,512,512,0,0,5415960886813981129,0
recovery,512,1280,6,1331415457684252798,512,512,0,0,5415960886813981129,0
recovery,512,1280,7,17632345738749699219,512,512,0,0,5415960886813981129,0
recovery,512,1280,8,6236699191265386664,512,512,0,0,5415960886813981129,0
recovery,512,1280,9,2937963859653909693,512,512,0,0,5415960886813981129,0
recovery,512,1280,10,9879833444055111890,512,512,0,0,5415960886813981129,0
recovery,512,1280,11,7734021884793476327,512,512,0,0,5415960886813981129,0
recovery,512,1280,12,14821150269621457148,512,512,0,0,5415960886813981129,0
recovery,512,1280,13,12675336614416567569,512,512,0,0,5415960886813981129,0
recovery,512,1280,14,17540723580061990,512,512,0,0,5415960886813981129,0
recovery,512,1280,15,16318468668182250811,512,512,0,0,5415960886813981129,0
recovery,1024,1280,0,12049091713076363264,1024,1024,0,0,5415960886813981129,0
recovery,1024,1280,1,4107705804907314197,1024,1024,0,0,5415960886813981129,0
recovery,1024,1280,2,11193708289828452394,1024,1024,0,0,5415960886813981129,0
recovery,1024,1280,3,9047894651802645567,1024,1024,0,0,5415960886813981129,0
recovery,1024,1280,4,16135025235654930516,1024,1024,0,0,5415960886813981129,0
recovery,1024,1280,5,12692157003522468969,1024,1024,0,0,5415960886813981129,0
recovery,1024,1280,6,1331415449094318206,1024,1024,0,0,5415960886813981129,0
recovery,1024,1280,7,17632345712979895443,1024,1024,0,0,5415960886813981129,0
recovery,1024,1280,8,6236699165495582888,1024,1024,0,0,5415960886813981129,0
recovery,1024,1280,9,2937963885423713469,1024,1024,0,0,5415960886813981129,0
recovery,1024,1280,10,9879833452645046482,1024,1024,0,0,5415960886813981129,0
recovery,1024,1280,11,7734021876203541735,1024,1024,0,0,5415960886813981129,0
recovery,1024,1280,12,14821150261031522556,1024,1024,0,0,5415960886813981129,0
recovery,1024,1280,13,12675336588646763793,1024,1024,0,0,5415960886813981129,0
recovery,1024,1280,14,17540749349865766,1024,1024,0,0,5415960886813981129,0
recovery,1024,1280,15,16318468676772185403,1024,1024,0,0,5415960886813981129,0
recovery,1000,1280,0,12049091721263644672,1000,1000,0,0,5415960886813981129,0
recovery,1000,1280,1,4107705818194869269,1000,1000,0,0,5415960886813981129,0
recovery,1000,1280,2,11193708307410974762,1000,1000,0,0,5415960886813981129,0
recovery,1000,1280,3,9047894622140527679,1000,1000,0,0,5415960886813981129,0
recovery,1000,1280,4,16135025210287779924,1000,1000,0,0,5415960886813981129,0
recovery,1000,1280,5,12692156999630154857,1000,1000,0,0,5415960886813981129,0
recovery,1000,1280,6,1331415449496971390,1000,1000,0,0,5415960886813981129,0
recovery,1000,1280,7,17632345734857385107,1000,1000,0,0,5415960886813981129,0
recovery,1000,1280,8,6236699191668039848,1000,1000,0,0,5415960886813981129,0
recovery,1000,1280,9,2937963864351530173,1000,1000,0,0,5415960886813981129,0
recovery,1000,1280,10,9879833435867830482,1000,1000,0,0,5415960886813981129,0
recovery,1000,1280,11,7734021880901162215,1000,1000,0,0,5415960886813981129,0
recovery,1000,1280,12,14821150270292545788,1000,1000,0,0,5415960886813981129,0
recovery,1000,1280,13,12675336619382623505,1000,1000,0,0,5415960886813981129,0
recovery,1000,1280,14,17540715661216038,1000,1000,0,0,5415960886813981129,0
recovery,1000,1280,15,16318468664558372155,1000,1000,0,0,5415960886813981129,0
recovery,2000,1280,0,12049091703681122304,2000,2000,0,0,5415960886813981129,0
recovery,2000,1280,1,4107705801417653269,2000,2000,0,0,5415960886813981129,0
recovery,2000,1280,2,11193708290633758762,2000,2000,0,0,5415960886813981129,0
recovery,2000,1280,3,9047894639723050047,2000,2000,0,0,5415960886813981129,0
recovery,2000,1280,4,16135025227870302292,2000,2000,0,0,5415960886813981129,0
recovery,2000,1280,5,12692157017212677225,2000,2000,0,0,5415960886813981129,0
recovery,2000,1280,6,1331415432719755390,2000,2000,0,0,5415960886813981129,0
recovery,2000,1280,7,17632345718080169107,2000,2000,0,0,5415960886813981129,0
recovery,2000,1280,8,6236699174890823848,2000,2000,0,0,5415960886813981129,0
recovery,2000,1280,9,2937963881934052541,2000,2000,0,0,5415960886813981129,0
recovery,2000,1280,10,9879833453450352850,2000,2000,0,0,5415960886813981129,0
recovery,2000,1280,11,7734021864123946215,2000,2000,0,0,5415960886813981129,0
recovery,2000,1280,12,14821150253246894332,2000,2000,0,0,5415960886813981129,0
recovery,2000,1280,13,12675336602336972049,2000,2000,0,0,5415960886813981129,0
recovery,2000,1280,14,17540732975302950,2000,2000,0,0,5415960886813981129,0
recovery,2000,1280,15,16318468681872459067,2000,2000,0,0,5415960886813981129,0
recovery,3000,1280,0,12049091754818076672,3000,3000,0,0,5415960886813981129,0
recovery,3000,1280,1,4107705784640437269,3000,3000,0,0,5415960886813981129,0
recovery,3000,1280,2,11193708342576019498,3000,3000,0,0,5415960886813981129,0
recovery,3000,1280,3,9047894588586095679,3000,3000,0,0,5415960886813981129,0
recovery,3000,1280,4,16135025245452824660,3000,3000,0,0,5415960886813981129,0
recovery,3000,1280,5,12692156966075722857,3000,3000,0,0,5415960886813981129,0
recovery,3000,1280,6,1331415415942539390,3000,3000,0,0,5415960886813981129,0
recovery,3000,1280,7,17632345770022429843,3000,3000,0,0,5415960886813981129,0
recovery,3000,1280,8,6236699158113607848,3000,3000,0,0,5415960886813981129,0
recovery,3000,1280,9,2937963899516574909,3000,3000,0,0,5415960886813981129,0
recovery,3000,1280,10,9879833402313398482,3000,3000,0,0,5415960886813981129,0
recovery,3000,1280,11,7734021847346730215,3000,3000,0,0,5415960886813981129,0
recovery,3000,1280,12,14821150305457590524,3000,3000,0,0,5415960886813981129,0
recovery,3000,1280,13,12675336585828191505,3000,3000,0,0,5415960886813981129,0
recovery,3000,1280,14,17540750826260774,3000,3000,0,0,5415960886813981129,0
recovery,3000,1280,15,16318468631003940155,3000,3000,0,0,5415960886813981129,0
recovery,4000,1280,0,12049091737235554304,4000,4000,0,0,5415960886813981129,0
recovery,4000,1280,1,4107705767863221269,4000,4000,0,0,5415960886813981129,0
recovery,4000,1280,2,11193708325798803498,4000,4000,0,0,5415960886813981129,0
recovery,4000,1280,3,9047894606168618047,4000,4000,0,0,5415960886813981129,0
recovery,4000,1280,4,16135025263035347028,4000,4000,0,0,5415960886813981129,0
recovery,4000,1280,5,12692156983658245225,4000,4000,0,0,5415960886813981129,0
recovery,4000,1280,6,1331415399165323390,4000,4000,0,0,5415960886813981129,0
recovery,4000,1280,7,17632345753245213843,4000,4000,0,0,5415960886813981129,0
recovery,4000,1280,8,6236699141336391848,4000,4000,0,0,5415960886813981129,0
recovery,4000,1280,9,2937963917099097277,4000,4001,0,0,5415960886813981129,0
recovery,4000,1280,10,9879833419895920850,4000,4000,0,0,5415960886813981129,0
recovery,4000,1280,11,7734021830569514215,4000,4000,0,0,5415960886813981129,0
recovery,4000,1280,12,14821150288411939068,4000,4000,0,0,5415960886813981129,0
recovery,4000,1280,13,12675336568782540049,4000,4000,0,0,5415960886813981129,0
recovery,4000,1280,14,17540768140347686,4000,4000,0,0,5415960886813981129,0
recovery,4000,1280,15,16318468648318027067,4000,4000,0,0,5415960886813981129,0
recovery,5000,1280,0,12049091650933555200,5000,5000,0,0,5415960886813981129,0
recovery,5000,1280,1,4107705888524958741,5000,5000,0,0,5415960886813981129,0
recovery,5000,1280,2,11193708377741064234,5000,5000,0,0,5415960886813981129,0
recovery,5000,1280,3,9047894555031663679,5000,5000,0,0,5415960886813981129,0
recovery,5000,1280,4,16135025143178915924,5000,5000,0,0,5415960886813981129,0
recovery,5000,1280,5,12692157069960244329,5000,5000,0,0,5415960886813981129,0
recovery,5000,1280,6,1331415519827060862,5000,5000,0,0,5415960886813981129,0
recovery,5000,1280,7,17632345805187474579,5000,5000,0,0,5415960886813981129,0
recovery,5000,1280,8,6236699124559175848,5000,5000,0,0,5415960886813981129,0
recovery,5000,1280,9,2937963797242666173,5000,5000,0,0,5415960886813981129,0
recovery,5000,1280,10,9879833506197919954,5000,5000,0,0,5415960886813981129,0
recovery,5000,1280,11,7734021951231251687,5000,5000,0,0,5415960886813981129,0
recovery,5000,1280,12,14821150340622635260,5000,5000,0,0,5415960886813981129,0
recovery,5000,1280,13,12675336552273759505,5000,5000,0,0,5415960886813981129,0
recovery,5000,1280,14,17540648552352038,5000,5000,0,0,5415960886813981129,0
recovery,5000,1280,15,16318468734888461627,5000,5000,0,0,5415960886813981129,0
recovery,6000,1280,0,12049091633351032832,6000,6000,0,0,5415960886813981129,0
recovery,6000,1280,1,4107705867452775445,6000,6000,0,0,5415960886813981129,0
recovery,6000,1280,2,11193708360963848234,6000,6000,0,0,5415960886813981129,0
recovery,6000,1280,3,9047894568319218751,6000,6000,0,0,5415960886813981129,0
recovery,6000,1280,4,16135025160761438292,6000,6000,0,0,5415960886813981129,0
recovery,6000,1280,5,12692157083247799401,6000,6000,0,0,5415960886813981129,0
recovery,6000,1280,6,1331415503049844862,6000,6000,0,0,5415960886813981129,0
recovery,6000,1280,7,17632345784115291283,6000,6000,0,0,5415960886813981129,0
recovery,6000,1280,8,6236699107781959848,6000,6000,0,0,5415960886813981129,0
recovery,6000,1280,9,2937963810530221245,6000,6000,0,0,5415960886813981129,0
recovery,6000,1280,10,9879833523780442322,6000,6000,0,0,5415960886813981129,0
recovery,6000,1280,11,7734021930159068391,6000,6000,0,0,5415960886813981129,0
recovery,6000,1280,12,14821150323576983804,6000,6000,0,0,5415960886813981129,0
recovery,6000,1280,13,12675336530933140753,6000,6000,0,0,5415960886813981129,0
recovery,6000,1280,14,17540665866438950,6000,6000,0,0,5415960886813981129,0
recovery,6000,1280,15,16318468747907581243,6000,6000,0,0,5415960886813981129,0
recovery,7000,1280,0,12049091684487987200,7000,7000,0,0,5415960886813981129,0
recovery,7000,1280,1,4107705850675559445,7000,7000,0,0,5415960886813981129,0
recovery,7000,1280,2,11193708412906108970,7000,7000,0,0,5415960886813981129,0
recovery,7000,1280,3,9047894517182264383,7000,7000,0,0,5415960886813981129,0
recovery,7000,1280,4,16135025178343960660,7000,7000,0,0,5415960886813981129,0
recovery,7000,1280,5,12692157032110845033,7000,7000,0,0,5415960886813981129,0
recovery,7000,1280,6,1331415486272628862,7000,7000,0,0,5415960886813981129,0
recovery,7000,1280,7,17632345836057552019,7000,7000,0,0,5415960886813981129,0
recovery,7000,1280,8,6236699091004743848,7000,7000,0,0,5415960886813981129,0
recovery,7000,1280,9,2937963828112743613,7000,7000,0,0,5415960886813981129,0
recovery,7000,1280,10,9879833472643487954,7000,7000,0,0,5415960886813981129,0
recovery,7000,1280,11,7734021913381852391,7000,7000,0,0,5415960886813981129,0
recovery,7000,1280,12,14821150375787679996,7000,7000,0,0,5415960886813981129,0
recovery,7000,1280,13,12675336514424360209,7000,7000,0,0,5415960886813981129,0
recovery,7000,1280,14,17540683717396774,7000,7000,0,0,5415960886813981129,0
recovery,7000,1280,15,16318468697039062331,7000,7000,0,0,5415960886813981129,0
recovery,8000,1280,0,12049091666905464832,8000,8000,0,0,5415960886813981129,0
recovery,8000,1280,1,4107705833898343445,8000,8000,0,0,5415960886813981129,0
recovery,8000,1280,2,11193708396128892970,8000,8000,0,0,5415960886813981129,0
recovery,8000,1280,3,9047894534764786751,8000,8000,0,0,5415960886813981129,0
recovery,8000,1280,4,16135025195926483028,8000,8000,0,0,5415960886813981129,0
recovery,8000,1280,5,12692157049693367401,8000,8000,0,0,5415960886813981129,0
recovery,8000,1280,6,1331415469495412862,8000,8000,0,0,5415960886813981129,0
recovery,8000,1280,7,17632345819280336019,8000,8000,0,0,5415960886813981129,0
recovery,8000,1280,8,6236699074227527848,8000,8000,0,0,5415960886813981129,0
recovery,8000,1280,9,2937963845695265981,8000,8000,0,0,5415960886813981129,0
recovery,8000,1280,10,9879833490226010322,8000,8000,0,0,5415960886813981129,0
recovery,8000,1280,11,7734021896604636391,8000,8000,0,0,5415960886813981129,0
recovery,8000,1280,12,14821150358742028540,8000,8000,0,0,5415960886813981129,0
recovery,8000,1280,13,12675336497378708753,8000,8000,0,0,5415960886813981129,0
recovery,8000,1280,14,17540701031483686,8000,8000,0,0,5415960886813981129,0
recovery,8000,1280,15,16318468714353149243,8000,8000,0,0,5415960886813981129,0
recovery,9000,1280,0,12049091855481372672,9000,9000,0,0,5415960886813981129,0
recovery,9000,1280,1,4107705679682173973,9000,9000,0,0,5415960886813981129,0
recovery,9000,1280,2,11193708173193246762,9000,9000,0,0,5415960886813981129,0
recovery,9000,1280,3,9047894483627832383,9000,9000,0,0,5415960886813981129,0
recovery,9000,1280,4,16135025076070051924,9000,9000,0,0,5415960886813981129,0
recovery,9000,1280,5,12692157135995366505,9000,9000,0,0,5415960886813981129,0
recovery,9000,1280,6,1331415590157150334,9000,9000,0,0,5415960886813981129,0
recovery,9000,1280,7,17632345871222596755,9000,9000,0,0,5415960886813981129,0
recovery,9000,1280,8,6236699332328218792,9000,9000,0,0,5415960886813981129,0
recovery,9000,1280,9,2937964000716741821,9000,9000,0,0,5415960886813981129,0
recovery,9000,1280,10,9879833301650102482,9000,9000,0,0,5415960886813981129,0
recovery,9000,1280,11,7734021742388466919,9000,9000,0,0,5415960886813981129,0
recovery,9000,1280,12,14821150136074817788,9000,9000,0,0,5415960886813981129,0
recovery,9000,1280,13,12675336480869928209,9000,9000,0,0,5415960886813981129,0
recovery,9000,1280,14,17540581443488038,9000,9000,0,0,5415960886813981129,0
recovery,9000,1280,15,16318468800923583803,9000,9000,0,0,5415960886813981129,0
recovery,10000,1280,0,12049091837898850304,10000,10000,0,0,5415960886813981129,0
recovery,10000,1280,1,4107705662904957973,10000,10000,0,0,5415960886813981129,0
recovery,10000,1280,2,11193708156416030762,10000,10000,0,0,5415960886813981129,0
recovery,10000,1280,3,9047894501210354751,10000,10000,0,0,5415960886813981129,0
recovery,10000,1280,4,16135025093652574292,10000,10000,0,0,5415960886813981129,0
recovery,10000,1280,5,12692157153577888873,10000,10000,0,0,5415960886813981129,0
recovery,10000,1280,6,1331415573379934334,10000,10000,0,0,5415960886813981129,0
recovery,10000,1280,7,17632345854445380755,10000,10000,0,0,5415960886813981129,0
recovery,10000,1280,8,6236699315551002792,10000,10000,0,0,5415960886813981129,0
recovery,10000,1280,9,2937964018299264189,10000,10000,0,0,5415960886813981129,0
recovery,10000,1280,10,9879833319232624850,10000,10000,0,0,5415960886813981129,0
recovery,10000,1280,11,7734021725611250919,10000,10000,0,0,5415960886813981129,0
recovery,10000,1280,12,14821150119029166332,10000,10000,0,0,5415960886813981129,0
recovery,10000,1280,13,12675336463824276753,10000,10000,0,0,5415960886813981129,0
recovery,10000,1280,14,17540598757574950,10000,10000,0,0,5415960886813981129,0
recovery,10000,1280,15,16318468818237670715,10000,10000,0,0,5415960886813981129,0
recovery,11000,1280,0,12049091897625739264,11000,11000,0,0,5415960886813981129,0
recovery,11000,1280,1,4107705641832774677,11000,11000,0,0,5415960886813981129,0
recovery,11000,1280,2,11193708208358291498,11000,11000,0,0,5415960886813981129,0
recovery,11000,1280,3,9047894454368367679,11000,11000,0,0,5415960886813981129,0
recovery,11000,1280,4,16135025102645162068,11000,11000,0,0,5415960886813981129,0
recovery,11000,1280,5,12692157098145967209,11000,11000,0,0,5415960886813981129,0
recovery,11000,1280,6,1331415556602718334,11000,11000,0,0,5415960886813981129,0
recovery,11000,1280,7,17632345910682608787,11000,11000,0,0,5415960886813981129,0
recovery,11000,1280,8,6236699290183852200,11000,11000,0,0,5415960886813981129,0
recovery,11000,1280,9,2937964031586819261,11000,11000,0,0,5415960886813981129,0
recovery,11000,1280,10,9879833268095670482,11000,11000,0,0,5415960886813981129,0
recovery,11000,1280,11,7734021713129002215,11000,11000,0,0,5415960886813981129,0
recovery,11000,1280,12,14821150162649927932,11000,11000,0,0,5415960886813981129,0
recovery,11000,1280,13,12675336443020528913,11000,11000,0,0,5415960886813981129,0
recovery,11000,1280,14,17540616608532774,11000,11000,0,0,5415960886813981129,0
recovery,11000,1280,15,16318468771664119099,11000,11000,0,0,5415960886813981129,0
recovery,12000,1280,0,12049091880043216896,12000,12000,0,0,5415960886813981129,0
recovery,12000,1280,1,4107705625055558677,12000,12000,0,0,5415960886813981129,0
recovery,12000,1280,2,11193708191581075498,12000,12000,0,0,5415960886813981129,0
recovery,12000,1280,3,9047894471950890047,12000,12000,0,0,5415960886813981129,0
recovery,12000,1280,4,16135025120227684436,12000,12000,0,0,5415960886813981129,0
recovery,12000,1280,5,12692157115728489577,12000,12000,0,0,5415960886813981129,0
recovery,12000,1280,6,1331415539825502334,12000,12000,0,0,5415960886813981129,0
recovery,12000,1280,7,17632345893905392787,12000,12000,0,0,5415960886813981129,0
recovery,12000,1280,8,6236699273406636200,12000,12000,0,0,5415960886813981129,0
recovery,12000,1280,9,2937964049169341629,12000,12000,0,0,5415960886813981129,0
recovery,12000,1280,10,9879833285678192850,12000,12000,0,0,5415960886813981129,0
recovery,12000,1280,11,7734021696351786215,12000,12000,0,0,5415960886813981129,0
recovery,12000,1280,12,14821150145604276476,12000,12000,0,0,5415960886813981129,0
recovery,12000,1280,13,12675336425974877457,12000,12000,0,0,5415960886813981129,0
recovery,12000,1280,14,17540633922619686,12000,12000,0,0,5415960886813981129,0
recovery,12000,1280,15,16318468788978206011,12000,12000,0,0,5415960886813981129,0
recovery,13000,1280,0,12049091793741217792,13000,13000,0,0,5415960886813981129,0
recovery,13000,1280,1,4107705745717296149,13000,13000,0,0,5415960886813981129,0
recovery,13000,1280,2,11193708243523336234,13000,13000,0,0,5415960886813981129,0
recovery,13000,1280,3,9047894420813935679,13000,13000,0,0,5415960886813981129,0
recovery,13000,1280,4,16135025000371253332,13001,13000,0,0,5415960886813981129,0
recovery,13000,1280,5,12692157202030488681,13000,13000,0,0,5415960886813981129,0
recovery,13000,1280,6,1331415660487239806,13000,13000,0,0,5415960886813981129,0
recovery,13000,1280,7,17632345945847653523,13000,13000,0,0,5415960886813981129,0
recovery,13000,1280,8,6236699256629420200,13000,13000,0,0,5415960886813981129,0
recovery,13000,1280,9,2937963929312910525,13000,13000,0,0,5415960886813981129,0
recovery,13000,1280,10,9879833371980191954,13000,13000,0,0,5415960886813981129,0
recovery,13000,1280,11,7734021817013523687,13000,13000,0,0,5415960886813981129,0
recovery,13000,1280,12,14821150197814972668,13000,13000,0,0,5415960886813981129,0
recovery,13000,1280,13,12675336409466096913,13001,13000,0,0,5415960886813981129,0
recovery,13000,1280,14,17540514334624038,13000,13000,0,0,5415960886813981129,0
recovery,13000,1280,15,16318468875548640571,13000,13000,0,0,5415960886813981129,0
recovery,14000,1280,0,12049091776158695424,14000,14000,0,0,5415960886813981129,0
recovery,14000,1280,1,4107705728940080149,14000,14000,0,0,5415960886813981129,0
recovery,14000,1280,2,11193708226746120234,14000,14000,0,0,5415960886813981129,0
recovery,14000,1280,3,9047894438396458047,14000,14000,0,0,5415960886813981129,0
recovery,14000,1280,4,16135025017953775700,14000,14000,0,0,5415960886813981129,0
recovery,14000,1280,5,12692157219613011049,14000,14000,0,0,5415960886813981129,0
recovery,14000,1280,6,1331415643710023806,14000,14000,0,0,5415960886813981129,0
recovery,14000,1280,7,17632345929070437523,14000,14000,0,0,5415960886813981129,0
recovery,14000,1280,8,6236699239852204200,14000,14000,0,0,5415960886813981129,0
recovery,14000,1280,9,2937963946895432893,14000,14000,0,0,5415960886813981129,0
recovery,14000,1280,10,9879833389562714322,14000,14000,0,0,5415960886813981129,0
recovery,14000,1280,11,7734021800236307687,14001,14000,0,0,5415960886813981129,0
recovery,14000,1280,12,14821150180769321212,14001,14000,0,0,5415960886813981129,0
recovery,14000,1280,13,12675336392420445457,14000,14000,0,0,5415960886813981129,0
recovery,14000,1280,14,17540531648710950,14000,14000,0,0,5415960886813981129,0
recovery,14000,1280,15,16318468892862727483,14000,14000,0,0,5415960886813981129,0
recovery,15000,1280,0,12049091827295649792,15000,15000,0,0,5415960886813981129,0
recovery,15000,1280,1,4107705712162864149,15000,15000,0,0,5415960886813981129,0
recovery,15000,1280,2,11193708278688380970,15000,15000,0,0,5415960886813981129,0
recovery,15000,1280,3,9047894387259503679,15000,15000,0,0,5415960886813981129,0
recovery,15000,1280,4,16135025035536298068,15000,15000,0,0,5415960886813981129,0
recovery,15000,1280,5,12692157168476056681,15000,15000,0,0,5415960886813981129,0
recovery,15000,1280,6,1331415626932807806,15000,15000,0,0,5415960886813981129,0
recovery,15000,1280,7,17632345981012698259,15000,15000,0,0,5415960886813981129,0
recovery,15000,1280,8,6236699223074988200,15000,15000,0,0,5415960886813981129,0
recovery,15000,1280,9,2937963964477955261,15000,15000,0,0,5415960886813981129,0
recovery,15000,1280,10,9879833338425759954,15000,15000,0,0,5415960886813981129,0
recovery,15000,1280,11,7734021783459091687,15000,15000,0,0,5415960886813981129,0
recovery,15000,1280,12,14821150232980017404,15000,15000,0,0,5415960886813981129,0
recovery,15000,1280,13,12675336375911664913,15000,15000,0,0,5415960886813981129,0
recovery,15000,1280,14,17540549499668774,15000,15000,0,0,5415960886813981129,0
recovery,15000,1280,15,16318468841994208571,15000,15000,0,0,5415960886813981129,0
recovery,16000,1280,0,12049091809713127424,16000,16000,0,0,5415960886813981129,0
recovery,16000,1280,1,4107705695385648149,16000,16000,0,0,5415960886813981129,0
recovery,16000,1280,2,11193708261911164970,16001,16000,0,0,5415960886813981129,0
recovery,16000,1280,3,9047894404842026047,16000,16000,0,0,5415960886813981129,0
recovery,16000,1280,4,16135025053118820436,16000,16000,0,0,5415960886813981129,0
recovery,16000,1280,5,12692157186058579049,16000,16000,0,0,5415960886813981129,0
recovery,16000,1280,6,1331415610155591806,16000,16000,0,0,5415960886813981129,0
recovery,16000,1280,7,17632345964235482259,16000,16000,0,0,5415960886813981129,0
recovery,16000,1280,8,6236699206297772200,16000,16000,0,0,5415960886813981129,0
recovery,16000,1280,9,2937963982060477629,16000,16000,0,0,5415960886813981129,0
recovery,16000,1280,10,9879833356008282322,16000,16000,0,0,5415960886813981129,0
recovery,16000,1280,11,7734021766681875687,16000,16000,0,0,5415960886813981129,0
recovery,16000,1280,12,14821150215934365948,16000,16000,0,0,5415960886813981129,0
recovery,16000,1280,13,12675336358866013457,16000,16000,0,0,5415960886813981129,0
recovery,16000,1280,14,17540566813755686,16000,16000,0,0,5415960886813981129,0
recovery,16000,1280,15,16318468859308295483,16000,16000,0,0,5415960886813981129,0
recovery,17000,1280,0,12049091998289035264,17000,17000,0,0,5415960886813981129,0
recovery,17000,1280,1,4107706086630325269,17000,17000,0,0,5415960886813981129,0
recovery,17000,1280,2,11193708038975518762,17000,17000,0,0,5415960886813981129,0
recovery,17000,1280,3,9047894899165918271,17000,17000,0,0,5415960886813981129,0
recovery,17000,1280,4,16135024933262389332,17000,17000,0,0,5415960886813981129,0
recovery,17000,1280,5,12692157268065610857,17000,17000,0,0,5415960886813981129,0
recovery,17000,1280,6,1331415181061515390,17000,17000,0,0,5415960886813981129,0
recovery,17000,1280,7,17632346011882775699,17000,17000,0,0,5415960886813981129,0
recovery,17000,1280,8,6236698914642649256,17000,17000,0,0,5415960886813981129,0
recovery,17000,1280,9,2937964132786986173,17000,17000,0,0,5415960886813981129,0
recovery,17000,1280,10,9879833717188188370,17000,17000,0,0,5415960886813981129,0
recovery,17000,1280,11,7734021608170738919,17000,17000,0,0,5415960886813981129,0
recovery,17000,1280,12,14821150543022969084,17000,17000,0,0,5415960886813981129,0
recovery,17000,1280,13,12675336338062265617,17000,17000,0,0,5415960886813981129,0
recovery,17000,1280,14,17540996981573926,17000,17000,0,0,5415960886813981129,0
recovery,17000,1280,15,16318468391827948859,17000,17000,0,0,5415960886813981129,0
recovery,18000,1280,0,12049091980706512896,18000,18000,0,0,5415960886813981129,0
recovery,18000,1280,1,4107706069853109269,18000,18000,0,0,5415960886813981129,0
recovery,18000,1280,2,11193708022198302762,18000,18000,0,0,5415960886813981129,0
recovery,18000,1280,3,9047894916748440639,18000,18000,0,0,5415960886813981129,0
recovery,18000,1280,4,16135024950844911700,18000,18000,0,0,5415960886813981129,0
recovery,18000,1280,5,12692157285648133225,18000,18000,0,0,5415960886813981129,0
recovery,18000,1280,6,1331415164284299390,18000,18000,0,0,5415960886813981129,0
recovery,18000,1280,7,17632345995105559699,18000,18000,0,0,5415960886813981129,0
recovery,18000,1280,8,6236698897865433256,18000,18000,0,0,5415960886813981129,0
recovery,18000,1280,9,2937964150369508541,18000,18000,0,0,5415960886813981129,0
recovery,18000,1280,10,9879833734770710738,18000,18000,0,0,5415960886813981129,0
recovery,18000,1280,11,7734021591393522919,18000,18000,0,0,5415960886813981129,0
recovery,18000,1280,12,14821150525977317628,18000,18000,0,0,5415960886813981129,0
recovery,18000,1280,13,12675336321016614161,18000,18000,0,0,5415960886813981129,0
recovery,18000,1280,14,17541014295660838,18000,18000,0,0,5415960886813981129,0
recovery,18000,1280,15,16318468409142035771,18000,18000,0,0,5415960886813981129,0
recovery,19000,1280,0,12049092031843467264,19000,19000,0,0,5415960886813981129,0
recovery,19000,1280,1,4107706053075893269,19000,19000,0,0,5415960886813981129,0
recovery,19000,1280,2,11193708074140563498,19000,19000,0,0,5415960886813981129,0
recovery,19000,1280,3,9047894865611486271,19000,19000,0,0,5415960886813981129,0
recovery,19000,1280,4,16135024968427434068,19000,19000,0,0,5415960886813981129,0
recovery,19000,1280,5,12692157234511178857,19000,19000,0,0,5415960886813981129,0
recovery,19000,1280,6,1331415147507083390,19000,19000,0,0,5415960886813981129,0
recovery,19000,1280,7,17632346047047820435,19000,19000,0,0,5415960886813981129,0
recovery,19000,1280,8,6236698881088217256,19000,19000,0,0,5415960886813981129,0
recovery,19000,1280,9,2937964167952030909,19000,19000,0,0,5415960886813981129,0
recovery,19000,1280,10,9879833683633756370,19000,19000,0,0,5415960886813981129,0
recovery,19000,1280,11,7734021574616306919,19000,19000,0,0,5415960886813981129,0
recovery,19000,1280,12,14821150578188013820,19000,19000,0,0,5415960886813981129,0
recovery,19000,1280,13,12675336304507833617,19000,19000,0,0,5415960886813981129,0
recovery,19000,1280,14,17541032146618662,19000,19000,0,0,5415960886813981129,0
recovery,19000,1280,15,16318468358273516859,19000,19000,0,0,5415960886813981129,0
recovery,20000,1280,0,12049092014260944896,20000,20000,0,0,5415960886813981129,0
recovery,20000,1280,1,4107706036298677269,20000,20000,0,0,5415960886813981129,0
recovery,20000,1280,2,11193708057363347498,20000,20000,0,0,5415960886813981129,0
recovery,20000,1280,3,9047894883194008639,20000,20000,0,0,5415960886813981129,0
recovery,20000,1280,4,16135024986009956436,20000,20000,0,0,5415960886813981129,0
recovery,20000,1280,5,12692157252093701225,20000,20000,0,0,5415960886813981129,0
recovery,20000,1280,6,1331415130729867390,20000,20000,0,0,5415960886813981129,0
recovery,20000,1280,7,17632346030270604435,20000,20000,0,0,5415960886813981129,0
recovery,20000,1280,8,6236698864311001256,20000,20000,0,0,5415960886813981129,0
recovery,20000,1280,9,2937964185534553277,20000,20000,0,0,5415960886813981129,0
recovery,20000,1280,10,9879833701216278738,20000,20000,0,0,5415960886813981129,0
recovery,20000,1280,11,7734021557839090919,20000,20000,0,0,5415960886813981129,0
recovery,20000,1280,12,14821150561142362364,20000,20000,0,0,5415960886813981129,0
recovery,20000,1280,13,12675336287462182161,20000,20000,0,0,5415960886813981129,0
recovery,20000,1280,14,17541049460705574,20000,20000,0,0,5415960886813981129,0
recovery,20000,1280,15,16318468375587603771,20000,20000,0,0,5415960886813981129,0
recovery,21000,1280,0,12049091927958945792,21000,21000,0,0,5415960886813981129,0
recovery,21000,1280,1,4107706156960414741,21000,21000,0,0,5415960886813981129,0
recovery,21000,1280,2,11193708109305608234,21000,21000,0,0,5415960886813981129,0
recovery,21000,1280,3,9047894832057054271,21000,21000,0,0,5415960886813981129,0
recovery,21000,1280,4,16135024866153525332,21000,21000,0,0,5415960886813981129,0
recovery,21000,1280,5,12692157338395700329,21000,21000,0,0,5415960886813981129,0
recovery,21000,1280,6,1331415251391604862,21000,21000,0,0,5415960886813981129,0
recovery,21000,1280,7,17632346082212865171,21000,21000,0,0,5415960886813981129,0
recovery,21000,1280,8,6236698847533785256,21000,21000,0,0,5415960886813981129,0
recovery,21000,1280,9,2937964065678122173,21000,21000,0,0,5415960886813981129,0
recovery,21000,1280,10,9879833787518277842,21000,21000,0,0,5415960886813981129,0
recovery,21000,1280,11,7734021678500828391,21000,21000,0,0,5415960886813981129,0
recovery,21000,1280,12,14821150613353058556,21000,21000,0,0,5415960886813981129,0
recovery,21000,1280,13,12675336270953401617,21000,21000,0,0,5415960886813981129,0
recovery,21000,1280,14,17540929872709926,21000,21000,0,0,5415960886813981129,0
recovery,21000,1280,15,16318468462158038331,21000,21000,0,0,5415960886813981129,0
recovery,22000,1280,0,12049091918966358016,22000,22000,0,0,5415960886813981129,0
recovery,22000,1280,1,4107706153068100629,22000,22000,0,0,5415960886813981129,0
recovery,22000,1280,2,11193708075348523050,22000,22000,0,0,5415960886813981129,0
recovery,22000,1280,3,9047894853934543935,22000,22000,0,0,5415960886813981129,0
recovery,22000,1280,4,16135024892325982292,22000,22000,0,0,5415960886813981129,0
recovery,22000,1280,5,12692157351683255401,22000,22000,0,0,5415960886813981129,0
recovery,22000,1280,6,1331415234614388862,22000,22000,0,0,5415960886813981129,0
recovery,22000,1280,7,17632346052550747283,22000,22000,0,0,5415960886813981129,0
recovery,22000,1280,8,6236698822166634664,22000,22000,0,0,5415960886813981129,0
recovery,22000,1280,9,2937964096145546429,22000,22000,0,0,5415960886813981129,0
recovery,22000,1280,10,9879833787920931026,22000,22000,0,0,5415960886813981129,0
recovery,22000,1280,11,7734021666018579687,22000,22000,0,0,5415960886813981129,0
recovery,22000,1280,12,14821150604897341692,22000,22000,0,0,5415960886813981129,0
recovery,22000,1280,13,12675336249612782865,22000,22000,0,0,5415960886813981129,0
recovery,22000,1280,14,17540947186796838,22000,22000,0,0,5415960886813981129,0
recovery,22000,1280,15,16318468466587223355,22000,22000,0,0,5415960886813981129,0
recovery,23000,1280,0,12049091970103312384,23000,23000,0,0,5415960886813981129,0
recovery,23000,1280,1,4107706136290884629,23000,23000,0,0,5415960886813981129,0
recovery,23000,1280,2,11193708127290783786,23000,23000,0,0,5415960886813981129,0
recovery,23000,1280,3,9047894802797589567,23000,23000,0,0,5415960886813981129,0
recovery,23000,1280,4,16135024909908504660,23000,23000,0,0,5415960886813981129,0
recovery,23000,1280,5,12692157300546301033,23000,23000,0,0,5415960886813981129,0
recovery,23000,1280,6,1331415217837172862,23000,23000,0,0,5415960886813981129,0
recovery,23000,1280,7,17632346104493008019,23000,23000,0,0,5415960886813981129,0
recovery,23000,1280,8,6236698805389418664,23000,23000,0,0,5415960886813981129,0
recovery,23000,1280,9,2937964113728068797,23000,23000,0,0,5415960886813981129,0
recovery,23000,1280,10,9879833736783976658,23000,23000,0,0,5415960886813981129,0
recovery,23000,1280,11,7734021649241363687,23000,23000,0,0,5415960886813981129,0
recovery,23000,1280,12,14821150657108037884,23000,23000,0,0,5415960886813981129,0
recovery,23000,1280,13,12675336233104002321,23000,23000,0,0,5415960886813981129,0
recovery,23000,1280,14,17540965037754662,23000,23000,0,0,5415960886813981129,0
recovery,23000,1280,15,16318468415718704443,23000,23000,0,0,5415960886813981129,0
recovery,24000,1280,0,12049091952520790016,24000,24000,0,0,5415960886813981129,0
recovery,24000,1280,1,4107706119513668629,24000,24000,0,0,5415960886813981129,0
recovery,24000,1280,2,11193708110513567786,24000,24000,0,0,5415960886813981129,0
recovery,24000,1280,3,9047894820380111935,24000,24000,0,0,5415960886813981129,0
recovery,24000,1280,4,16135024927491027028,24000,24000,0,0,5415960886813981129,0
recovery,24000,1280,5,12692157318128823401,24000,24000,0,0,5415960886813981129,0
recovery,24000,1280,6,1331415201059956862,24000,24000,0,0,5415960886813981129,0
recovery,24000,1280,7,17632346087715792019,24000,24000,0,0,5415960886813981129,0
recovery,24000,1280,8,6236698788612202664,24000,24000,0,0,5415960886813981129,0
recovery,24000,1280,9,2937964131310591165,24000,24000,0,0,5415960886813981129,0
recovery,24000,1280,10,9879833754366499026,24000,24000,0,0,5415960886813981129,0
recovery,24000,1280,11,7734021632464147687,24000,24000,0,0,5415960886813981129,0
recovery,24000,1280,12,14821150640062386428,24000,24000,0,0,5415960886813981129,0
recovery,24000,1280,13,12675336216058350865,24000,24000,0,0,5415960886813981129,0
recovery,24000,1280,14,17540982351841574,24000,24000,0,0,5415960886813981129,0
recovery,24000,1280,15,16318468433032791355,24000,24000,0,0,5415960886813981129,0
recovery,25000,1280,0,12049092141096697856,25000,25000,0,0,5415960886813981129,0
recovery,25000,1280,1,4107705965297499157,25000,25000,0,0,5415960886813981129,0
recovery,25000,1280,2,11193707887577921578,25000,25000,0,0,5415960886813981129,0
recovery,25000,1280,3,9047894769243157567,25000,25000,0,0,5415960886813981129,0
recovery,25000,1280,4,16135024807634595924,25000,25000,0,0,5415960886813981129,0
recovery,25000,1280,5,12692157404430822505,25000,25000,0,0,5415960886813981129,0
recovery,25000,1280,6,1331415321721694334,25000,25000,0,0,5415960886813981129,0
recovery,25000,1280,7,17632346139658052755,25000,25000,0,0,5415960886813981129,0
recovery,25000,1280,8,6236699046712893608,25000,25000,0,0,5415960886813981129,0
recovery,25000,1280,9,2937964286332067005,25000,25000,0,0,5415960886813981129,0
recovery,25000,1280,10,9879833565790591186,25000,25000,0,0,5415960886813981129,0
recovery,25000,1280,11,7734021478247978215,25000,25000,0,0,5415960886813981129,0
recovery,25000,1280,12,14821150417395175676,25000,25000,0,0,5415960886813981129,0
recovery,25000,1280,13,12675336199549570321,25000,25000,0,0,5415960886813981129,0
recovery,25000,1280,14,17540862763845926,25000,25000,0,0,5415960886813981129,0
recovery,25000,1280,15,16318468519603225915,25000,25000,0,0,5415960886813981129,0
recovery,26000,1280,0,12049092123514175488,26000,26000,0,0,5415960886813981129,0
recovery,26000,1280,1,4107705948520283157,26000,26000,0,0,5415960886813981129,0
recovery,26000,1280,2,11193707870800705578,26000,26000,0,0,5415960886813981129,0
recovery,26000,1280,3,9047894786825679935,26000,26000,0,0,5415960886813981129,0
recovery,26000,1280,4,16135024825217118292,26000,26000,0,0,5415960886813981129,0
recovery,26000,1280,5,12692157422013344873,26000,26000,0,0,5415960886813981129,0
recovery,26000,1280,6,1331415304944478334,26000,26000,0,0,5415960886813981129,0
recovery,26000,1280,7,17632346122880836755,26001,26000,0,0,5415960886813981129,0
recovery,26000,1280,8,6236699029935677608,26000,26000,0,0,5415960886813981129,0
recovery,26000,1280,9,2937964303914589373,26000,26000,0,0,5415960886813981129,0
recovery,26000,1280,10,9879833583373113554,26000,26000,0,0,5415960886813981129,0
recovery,26000,1280,11,7734021461470762215,26000,26000,0,0,5415960886813981129,0
recovery,26000,1280,12,14821150400349524220,26000,26001,0,0,5415960886813981129,0
recovery,26000,1280,13,12675336182503918865,26000,26000,0,0,5415960886813981129,0
recovery,26000,1280,14,17540880077932838,26000,26000,0,0,5415960886813981129,0
recovery,26000,1280,15,16318468536917312827,26000,26000,0,0,5415960886813981129,0
recovery,27000,1280,0,12049092174651129856,27000,27000,0,0,5415960886813981129,0
recovery,27000,1280,1,4107705927448099861,27000,27000,0,0,5415960886813981129,0
recovery,27000,1280,2,11193707922742966314,27000,27000,0,0,5415960886813981129,0
recovery,27000,1280,3,9047894731393758271,27000,27000,0,0,5415960886813981129,0
recovery,27000,1280,4,16135024842799640660,27000,27000,0,0,5415960886813981129,0
recovery,27000,1280,5,12692157366581423209,27000,27000,0,0,5415960886813981129,0
recovery,27000,1280,6,1331415288167262334,27000,27000,0,0,5415960886813981129,0
recovery,27000,1280,7,17632346170528130195,27000,27000,0,0,5415960886813981129,0
recovery,27000,1280,8,6236699013158461608,27000,27000,0,0,5415960886813981129,0
recovery,27000,1280,9,2937964317202144445,27000,27000,0,0,5415960886813981129,0
recovery,27000,1280,10,9879833532236159186,27000,27000,0,0,5415960886813981129,0
recovery,27000,1280,11,7734021440398578919,27000,27000,0,0,5415960886813981129,0
recovery,27000,1280,12,14821150452560220412,27000,27000,0,0,5415960886813981129,0
recovery,27000,1280,13,12675336161700171025,27000,27000,0,0,5415960886813981129,0
recovery,27000,1280,14,17540897928890662,27000,27000,0,0,5415960886813981129,0
recovery,27000,1280,15,16318468481753826619,27000,27000,0,0,5415960886813981129,0
recovery,28000,1280,0,12049092157068607488,28001,28000,0,0,5415960886813981129,0
recovery,28000,1280,1,4107705910670883861,28000,28000,0,0,5415960886813981129,0
recovery,28000,1280,2,11193707905965750314,28000,28000,0,0,5415960886813981129,0
recovery,28000,1280,3,9047894748976280639,28000,28000,0,0,5415960886813981129,0
recovery,28000,1280,4,16135024860382163028,28000,28000,0,0,5415960886813981129,0
recovery,28000,1280,5,12692157384163945577,28000,28000,0,0,5415960886813981129,0
recovery,28000,1280,6,1331415271390046334,28000,28000,0,0,5415960886813981129,0
recovery,28000,1280,7,17632346153750914195,28000,28000,0,0,5415960886813981129,0
recovery,28000,1280,8,6236698996381245608,28000,28000,0,0,5415960886813981129,0
recovery,28000,1280,9,2937964334784666813,28000,28000,0,0,5415960886813981129,0
recovery,28000,1280,10,9879833549818681554,28000,28000,0,0,5415960886813981129,0
recovery,28000,1280,11,7734021423621362919,28000,28000,0,0,5415960886813981129,0
recovery,28000,1280,12,14821150435514568956,28000,28000,0,0,5415960886813981129,0
recovery,28000,1280,13,12675336144654519569,28000,28000,0,0,5415960886813981129,0
recovery,28000,1280,14,17540915242977574,28001,28000,0,0,5415960886813981129,0
recovery,28000,1280,15,16318468499067913531,28000,28000,0,0,5415960886813981129,0
recovery,29000,1280,0,12049092070766608384,29000,29000,0,0,5415960886813981129,0
recovery,29000,1280,1,4107706031332621333,29001,29000,0,0,5415960886813981129,0
recovery,29000,1280,2,11193707957908011050,29000,29000,0,0,5415960886813981129,0
recovery,29000,1280,3,9047894697839326271,29000,29000,0,0,5415960886813981129,0
recovery,29000,1280,4,16135024740525731924,29000,29000,0,0,5415960886813981129,0
recovery,29000,1280,5,12692157470465944681,29000,29000,0,0,5415960886813981129,0
recovery,29000,1280,6,1331415392051783806,29000,29000,0,0,5415960886813981129,0
recovery,29000,1280,7,17632346205693174931,29000,29000,0,0,5415960886813981129,0
recovery,29000,1280,8,6236698979604029608,29000,29000,0,0,5415960886813981129,0
recovery,29000,1280,9,2937964214928235709,29000,29000,0,0,5415960886813981129,0
recovery,29000,1280,10,9879833636120680658,29000,29000,0,0,5415960886813981129,0
recovery,29000,1280,11,7734021544283100391,29000,29000,0,0,5415960886813981129,0
recovery,29000,1280,12,14821150487725265148,29000,29000,0,0,5415960886813981129,0
recovery,29000,1280,13,12675336128145739025,29000,29000,0,0,5415960886813981129,0
recovery,29000,1280,14,17540795654981926,29000,29000,0,0,5415960886813981129,0
recovery,29000,1280,15,16318468585638348091,29000,29000,0,0,5415960886813981129,0
recovery,30000,1280,0,12049092053184086016,30002,30000,0,0,5415960886813981129,0
recovery,30000,1280,1,4107706014555405333,30000,30000,0,0,5415960886813981129,0
recovery,30000,1280,2,11193707941130795050,30000,30000,0,0,5415960886813981129,0
recovery,30000,1280,3,9047894715421848639,30000,30000,0,0,5415960886813981129,0
recovery,30000,1280,4,16135024758108254292,30000,30000,0,0,5415960886813981129,0
recovery,30000,1280,5,12692157488048467049,30000,30000,0,0,5415960886813981129,0
recovery,30000,1280,6,1331415375274567806,30000,30000,0,0,5415960886813981129,0
recovery,30000,1280,7,17632346188915958931,30000,30000,0,0,5415960886813981129,0
recovery,30000,1280,8,6236698962826813608,30000,30000,0,0,5415960886813981129,0
recovery,30000,1280,9,2937964232510758077,30000,30000,0,0,5415960886813981129,0
recovery,30000,1280,10,9879833653703203026,30000,30000,0,0,5415960886813981129,0
recovery,30000,1280,11,7734021527505884391,30000,30000,0,0,5415960886813981129,0
recovery,30000,1280,12,14821150470679613692,30000,30000,0,0,5415960886813981129,0
recovery,30000,1280,13,12675336111100087569,30000,30000,0,0,5415960886813981129,0
recovery,30000,1280,14,17540812969068838,30000,30000,0,0,5415960886813981129,0
recovery,30000,1280,15,16318468602952435003,30000,30000,0,0,5415960886813981129,0
recovery,31000,1280,0,12049092104321040384,31000,31000,0,0,5415960886813981129,0
recovery,31000,1280,1,4107705997778189333,31000,31000,0,0,5415960886813981129,0
recovery,31000,1280,2,11193707993073055786,31000,31000,0,0,5415960886813981129,0
recovery,31000,1280,3,9047894664284894271,31000,31000,0,0,5415960886813981129,0
recovery,31000,1280,4,16135024775690776660,31000,31000,0,0,5415960886813981129,0
recovery,31000,1280,5,12692157436911512681,31000,31000,0,0,5415960886813981129,0
recovery,31000,1280,6,1331415358497351806,31000,31000,0,0,5415960886813981129,0
recovery,31000,1280,7,17632346240858219667,31000,31000,0,0,5415960886813981129,0
recovery,31000,1280,8,6236698946049597608,31000,31000,0,0,5415960886813981129,0
recovery,31000,1280,9,2937964250093280445,31000,31000,0,0,5415960886813981129,0
recovery,31000,1280,10,9879833602566248658,31000,31000,0,0,5415960886813981129,0
recovery,31000,1280,11,7734021510728668391,31000,31000,0,0,5415960886813981129,0
recovery,31000,1280,12,14821150522890309884,31000,31000,0,0,5415960886813981129,0
recovery,31000,1280,13,12675336094591307025,31000,31000,0,0,5415960886813981129,0
recovery,31000,1280,14,17540830820026662,31000,31000,0,0,5415960886813981129,0
recovery,31000,1280,15,16318468552083916091,31000,31000,0,0,5415960886813981129,0
recovery,32000,1280,0,12049092086738518016,32000,32000,0,0,5415960886813981129,0
recovery,32000,1280,1,4107705981000973333,32000,32000,0,0,5415960886813981129,0
recovery,32000,1280,2,11193707976295839786,32000,32000,0,0,5415960886813981129,0
recovery,32000,1280,3,9047894681867416639,32000,32000,0,0,5415960886813981129,0
recovery,32000,1280,4,16135024793273299028,32000,32000,0,0,5415960886813981129,0
recovery,32000,1280,5,12692157454494035049,32000,32000,0,0,5415960886813981129,0
recovery,32000,1280,6,1331415341720135806,32000,32000,0,0,5415960886813981129,0
recovery,32000,1280,7,17632346224081003667,32000,32000,0,0,5415960886813981129,0
recovery,32000,1280,8,6236698929272381608,32000,32000,0,0,5415960886813981129,0
recovery,32000,1280,9,2937964267675802813,32000,32000,0,0,5415960886813981129,0
recovery,32000,1280,10,9879833620148771026,32000,32000,0,0,5415960886813981129,0
recovery,32000,1280,11,7734021493951452391,32000,32000,0,0,5415960886813981129,0
recovery,32000,1280,12,14821150505844658428,32000,32000,0,0,5415960886813981129,0
recovery,32000,1280,13,12675336077545655569,32000,32000,0,0,5415960886813981129,0
recovery,32000,1280,14,17540848134113574,32000,32000,0,0,5415960886813981129,0
recovery,32000,1280,15,16318468569398003003,32000,32000,0,0,5415960886813981129,0
recovery,33000,1280,0,12049092283904360448,33000,33000,0,0,5415960886813981129,0
recovery,33000,1280,1,4107705272734022677,33000,33000,0,0,5415960886813981129,0
recovery,33000,1280,2,11193708852871821354,33000,33000,0,0,5415960886813981129,0
recovery,33000,1280,3,9047895184781243455,33000,33000,0,0,5415960886813981129,0
recovery,33000,1280,4,16135024664826933332,33000,33000,0,0,5415960886813981129,0
recovery,33000,1280,5,12692156436989439081,33000,33000,0,0,5415960886813981129,0
recovery,33000,1280,6,1331416012137687166,33000,33000,0,0,5415960886813981129,0
recovery,33000,1280,7,17632346280318231699,33000,33000,0,0,5415960886813981129,0
recovery,33000,1280,8,6236698629027324072,33000,33000,0,0,5415960886813981129,0
recovery,33000,1280,9,2937963318890683581,33000,33000,0,0,5415960886813981129,0
recovery,33000,1280,10,9879833981328677074,33000,33000,0,0,5415960886813981129,0
recovery,33000,1280,11,7734021344030250215,33000,33000,0,0,5415960886813981129,0
recovery,33000,1280,12,14821149724831699196,33000,33000,0,0,5415960886813981129,0
recovery,33000,1280,13,12675337156253535505,33000,33000,0,0,5415960886813981129,0
recovery,33000,1280,14,17541278301931814,33000,33000,0,0,5415960886813981129,0
recovery,33000,1280,15,16318468110507590971,33000,33000,0,0,5415960886813981129,0
recovery,34000,1280,0,12049092266321838080,34000,34000,0,0,5415960886813981129,0
recovery,34000,1280,1,4107705255956806677,34000,34000,0,0,5415960886813981129,0
recovery,34000,1280,2,11193708836094605354,34000,34000,0,0,5415960886813981129,0
recovery,34000,1280,3,9047895202363765823,34000,34000,0,0,5415960886813981129,0
recovery,34000,1280,4,16135024682409455700,34000,34000,0,0,5415960886813981129,0
recovery,34000,1280,5,12692156454571961449,34000,34000,0,0,5415960886813981129,0
recovery,34000,1280,6,1331415995360471166,34000,34000,0,0,5415960886813981129,0
recovery,34000,1280,7,17632346263541015699,34001,34000,0,0,5415960886813981129,0
recovery,34000,1280,8,6236698612250108072,34000,34000,0,0,5415960886813981129,0
recovery,34000,1280,9,2937963336473205949,34000,34000,0,0,5415960886813981129,0
recovery,34000,1280,10,9879833998911199442,34000,34000,0,0,5415960886813981129,0
recovery,34000,1280,11,7734021327253034215,34000,34000,0,0,5415960886813981129,0
recovery,34000,1280,12,14821149707786047740,34000,34000,0,0,5415960886813981129,0
recovery,34000,1280,13,12675337139207884049,34000,34000,0,0,5415960886813981129,0
recovery,34000,1280,14,17541295616018726,34000,34000,0,0,5415960886813981129,0
recovery,34000,1280,15,16318468127821677883,34000,34000,0,0,5415960886813981129,0
recovery,35000,1280,0,12049092317458792448,35000,35000,0,0,5415960886813981129,0
recovery,35000,1280,1,4107705239179590677,35000,35000,0,0,5415960886813981129,0
recovery,35000,1280,2,11193708888036866090,35000,35000,0,0,5415960886813981129,0
recovery,35000,1280,3,9047895151226811455,35000,35000,0,0,5415960886813981129,0
recovery,35000,1280,4,16135024699991978068,35000,35000,0,0,5415960886813981129,0
recovery,35000,1280,5,12692156403435007081,35000,35000,0,0,5415960886813981129,0
recovery,35000,1280,6,1331415978583255166,35000,35000,0,0,5415960886813981129,0
recovery,35000,1280,7,17632346315483276435,35000,35000,0,0,5415960886813981129,0
recovery,35000,1280,8,6236698595472892072,35000,35000,0,0,5415960886813981129,0
recovery,35000,1280,9,2937963354055728317,35000,35000,0,0,5415960886813981129,0
recovery,35000,1280,10,9879833947774245074,35000,35000,0,0,5415960886813981129,0
recovery,35000,1280,11,7734021310475818215,35000,35000,0,0,5415960886813981129,0
recovery,35000,1280,12,14821149759996743932,35000,35000,0,0,5415960886813981129,0
recovery,35000,1280,13,12675337122699103505,35000,35000,0,0,5415960886813981129,0
recovery,35000,1280,14,17541313466976550,35000,35000,0,0,5415960886813981129,0
recovery,35000,1280,15,16318468076953158971,35000,35000,0,0,5415960886813981129,0
recovery,36000,1280,0,12049092299876270080,36000,36000,0,0,5415960886813981129,0
recovery,36000,1280,1,4107705222402374677,36000,36000,0,0,5415960886813981129,0
recovery,36000,1280,2,11193708871259650090,36000,36000,0,0,5415960886813981129,0
recovery,36000,1280,3,9047895168809333823,36000,36000,0,0,5415960886813981129,0
recovery,36000,1280,4,16135024717574500436,36000,36000,0,0,5415960886813981129,0
recovery,36000,1280,5,12692156421017529449,36000,36000,0,0,5415960886813981129,0
recovery,36000,1280,6,1331415961806039166,36000,36000,0,0,5415960886813981129,0
recovery,36000,1280,7,17632346298706060435,36000,36000,0,0,5415960886813981129,0
recovery,36000,1280,8,6236698578695676072,36000,36000,0,0,5415960886813981129,0
recovery,36000,1280,9,2937963371638250685,36000,36000,0,0,5415960886813981129,0
recovery,36000,1280,10,9879833965356767442,36000,36000,0,0,5415960886813981129,0
recovery,36000,1280,11,7734021293698602215,36000,36000,0,0,5415960886813981129,0
recovery,36000,1280,12,14821149742951092476,36000,36000,0,0,5415960886813981129,0
recovery,36000,1280,13,12675337105653452049,36000,36000,0,0,5415960886813981129,0
recovery,36000,1280,14,17541330781063462,36000,36000,0,0,5415960886813981129,0
recovery,36000,1280,15,16318468094267245883,36000,36000,0,0,5415960886813981129,0
recovery,37000,1280,0,12049092213574270976,37000,37000,0,0,5415960886813981129,0
recovery,37000,1280,1,4107705343064112149,37000,37000,0,0,5415960886813981129,0
recovery,37000,1280,2,11193708923201910826,37000,37000,0,0,5415960886813981129,0
recovery,37000,1280,3,9047895117672379455,37000,37000,0,0,5415960886813981129,0
recovery,37000,1280,4,16135024597718069332,37000,37000,0,0,5415960886813981129,0
recovery,37000,1280,5,12692156507319528553,37000,37000,0,0,5415960886813981129,0
recovery,37000,1280,6,1331416082467776638,37000,37000,0,0,5415960886813981129,0
recovery,37000,1280,7,17632346350648321171,37000,37000,0,0,5415960886813981129,0
recovery,37000,1280,8,6236698561918460072,37000,37000,0,0,5415960886813981129,0
recovery,37000,1280,9,2937963251781819581,37000,37000,0,0,5415960886813981129,0
recovery,37000,1280,10,9879834051658766546,37000,37000,0,0,5415960886813981129,0
recovery,37000,1280,11,7734021414360339687,37000,37000,0,0,5415960886813981129,0
recovery,37000,1280,12,14821149795161788668,37000,37000,0,0,5415960886813981129,0
recovery,37000,1280,13,12675337089144671505,37000,37000,0,0,5415960886813981129,0
recovery,37000,1280,14,17541211193067814,37000,37000,0,0,5415960886813981129,0
recovery,37000,1280,15,16318468180837680443,37000,37000,0,0,5415960886813981129,0
recovery,38000,1280,0,12049092195991748608,38000,38000,0,0,5415960886813981129,0
recovery,38000,1280,1,4107705321991928853,38000,38000,0,0,5415960886813981129,0
recovery,38000,1280,2,11193708906424694826,38000,38000,0,0,5415960886813981129,0
recovery,38000,1280,3,9047895130959934527,38000,38000,0,0,5415960886813981129,0
recovery,38000,1280,4,16135024615300591700,38000,38000,0,0,5415960886813981129,0
recovery,38000,1280,5,12692156520607083625,38000,38000,0,0,5415960886813981129,0
recovery,38000,1280,6,1331416065690560638,38000,38000,0,0,5415960886813981129,0
recovery,38000,1280,7,17632346329576137875,38000,38000,0,0,5415960886813981129,0
recovery,38000,1280,8,6236698545141244072,38000,38000,0,0,5415960886813981129,0
recovery,38000,1280,9,2937963265069374653,38000,38000,0,0,5415960886813981129,0
recovery,38000,1280,10,9879834069241288914,38000,38000,0,0,5415960886813981129,0
recovery,38000,1280,11,7734021393288156391,38000,38000,0,0,5415960886813981129,0
recovery,38000,1280,12,14821149778116137212,38000,38000,0,0,5415960886813981129,0
recovery,38000,1280,13,12675337067804052753,38000,38000,0,0,5415960886813981129,0
recovery,38000,1280,14,17541228507154726,38000,38000,0,0,5415960886813981129,0
recovery,38000,1280,15,16318468193856800059,38000,38000,0,0,5415960886813981129,0
recovery,39000,1280,0,12049092247128702976,39000,39000,0,0,5415960886813981129,0
recovery,39000,1280,1,4107705305214712853,39000,39000,0,0,5415960886813981129,0
recovery,39000,1280,2,11193708958366955562,39000,39000,0,0,5415960886813981129,0
recovery,39000,1280,3,9047895079822980159,39001,39000,0,0,5415960886813981129,0
recovery,39000,1280,4,16135024632883114068,39000,39000,0,0,5415960886813981129,0
recovery,39000,1280,5,12692156469470129257,39000,39000,0,0,5415960886813981129,0
recovery,39000,1280,6,1331416048913344638,39000,39000,0,0,5415960886813981129,0
recovery,39000,1280,7,17632346381518398611,39000,39000,0,0,5415960886813981129,0
recovery,39000,1280,8,6236698528364028072,39000,39000,0,0,5415960886813981129,0
recovery,39000,1280,9,2937963282651897021,39000,39000,0,0,5415960886813981129,0
recovery,39000,1280,10,9879834018104334546,39000,39000,0,0,5415960886813981129,0
recovery,39000,1280,11,7734021376510940391,39000,39000,0,0,5415960886813981129,0
recovery,39000,1280,12,14821149830326833404,39000,39000,0,0,5415960886813981129,0
recovery,39000,1280,13,12675337051295272209,39000,39000,0,0,5415960886813981129,0
recovery,39000,1280,14,17541246358112550,39000,39000,0,0,5415960886813981129,0
recovery,39000,1280,15,16318468142988281147,39000,39000,0,0,5415960886813981129,0
recovery,40000,1280,0,12049092229546180608,40000,40000,0,0,5415960886813981129,0
recovery,40000,1280,1,4107705288437496853,40000,40000,0,0,5415960886813981129,0
recovery,40000,1280,2,11193708941589739562,40000,40000,0,0,5415960886813981129,0
recovery,40000,1280,3,9047895097405502527,40000,40000,0,0,5415960886813981129,0
recovery,40000,1280,4,16135024650465636436,40000,40000,0,0,5415960886813981129,0
recovery,40000,1280,5,12692156487052651625,40000,40000,0,0,5415960886813981129,0
recovery,40000,1280,6,1331416032136128638,40000,40000,0,0,5415960886813981129,0
recovery,40000,1280,7,17632346364741182611,40000,40000,0,0,5415960886813981129,0
recovery,40000,1280,8,6236698511586812072,40000,40000,0,0,5415960886813981129,0
recovery,40000,1280,9,2937963300234419389,40000,40000,0,0,5415960886813981129,0
recovery,40000,1280,10,9879834035686856914,40000,40000,0,0,5415960886813981129,0
recovery,40000,1280,11,7734021359733724391,40000,40000,0,0,5415960886813981129,0
recovery,40000,1280,12,14821149813281181948,40000,40000,0,0,5415960886813981129,0
recovery,40000,1280,13,12675337034249620753,40000,40000,0,0,5415960886813981129,0
recovery,40000,1280,14,17541263672199462,40000,40000,0,0,5415960886813981129,0
recovery,40000,1280,15,16318468160302368059,40000,40000,0,0,5415960886813981129,0
recovery,41000,1280,0,12049092418122088448,41000,41000,0,0,5415960886813981129,0
recovery,41000,1280,1,4107705134221327381,41000,41000,0,0,5415960886813981129,0
recovery,41000,1280,2,11193708718654093354,41000,41000,0,0,5415960886813981129,0
recovery,41000,1280,3,9047895046268548159,41000,41000,0,0,5415960886813981129,0
recovery,41000,1280,4,16135024530609205332,41000,41000,0,0,5415960886813981129,0
recovery,41000,1280,5,12692156573354650729,41000,41000,0,0,5415960886813981129,0
recovery,41000,1280,6,1331416152797866110,41000,41000,0,0,5415960886813981129,0
recovery,41000,1280,7,17632346416683443347,41000,41000,0,0,5415960886813981129,0
recovery,41000,1280,8,6236698769687503016,41000,41000,0,0,5415960886813981129,0
recovery,41000,1280,9,2937963455255895229,41000,41000,0,0,5415960886813981129,0
recovery,41000,1280,10,9879833847110949074,41000,41000,0,0,5415960886813981129,0
recovery,41000,1280,11,7734021205517554919,41000,41000,0,0,5415960886813981129,0
recovery,41000,1280,12,14821149590613971196,41000,41000,0,0,5415960886813981129,0
recovery,41000,1280,13,12675337017740840209,41000,41000,0,0,5415960886813981129,0
recovery,41000,1280,14,17541144084203814,41000,41000,0,0,5415960886813981129,0
recovery,41000,1280,15,16318468246872802619,41000,41000,0,0,5415960886813981129,0
recovery,42000,1280,0,12049092400539566080,42000,42000,0,0,5415960886813981129,0
recovery,42000,1280,1,4107705117444111381,42000,42000,0,0,5415960886813981129,0
recovery,42000,1280,2,11193708701876877354,42000,42000,0,0,5415960886813981129,0
recovery,42000,1280,3,9047895063851070527,42000,42000,0,0,5415960886813981129,0
recovery,42000,1280,4,16135024548191727700,42000,42000,0,0,5415960886813981129,0
recovery,42000,1280,5,12692156590937173097,42000,42000,0,0,5415960886813981129,0
recovery,42000,1280,6,1331416136020650110,42000,42000,0,0,5415960886813981129,0
recovery,42000,1280,7,17632346399906227347,42000,42000,0,0,5415960886813981129,0
recovery,42000,1280,8,6236698752910287016,42000,42000,0,0,5415960886813981129,0
recovery,42000,1280,9,2937963472838417597,42000,42000,0,0,5415960886813981129,0
recovery,42000,1280,10,9879833864693471442,42000,42000,0,0,5415960886813981129,0
recovery,42000,1280,11,7734021188740338919,42000,42000,0,0,5415960886813981129,0
recovery,42000,1280,12,14821149573568319740,42000,42000,0,0,5415960886813981129,0
recovery,42000,1280,13,12675337000695188753,42000,42000,0,0,5415960886813981129,0
recovery,42000,1280,14,17541161398290726,42000,42000,0,0,5415960886813981129,0
recovery,42000,1280,15,16318468264186889531,42000,42000,0,0,5415960886813981129,0
recovery,43000,1280,0,12049092391546978304,43000,43000,0,0,5415960886813981129,0
recovery,43000,1280,1,4107705113551797269,43000,43000,0,0,5415960886813981129,0
recovery,43000,1280,2,11193708702279530538,43000,43000,0,0,5415960886813981129,0
recovery,43000,1280,3,9047895051368821823,43000,43000,0,0,5415960886813981129,0
recovery,43000,1280,4,16135024540004446292,43000,43000,0,0,5415960886813981129,0
recovery,43000,1280,5,12692156604224728169,43000,43000,0,0,5415960886813981129,0
recovery,43000,1280,6,1331416119243434110,43000,43000,0,0,5415960886813981129,0
recovery,43000,1280,7,17632346404603847827,43000,43000,0,0,5415960886813981129,0
recovery,43000,1280,8,6236698761902874792,43000,43000,0,0,5415960886813981129,0
recovery,43000,1280,9,2937963468946103485,43000,43000,0,0,5415960886813981129,0
recovery,43000,1280,10,9879833865096124626,43000,43000,0,0,5415960886813981129,0
recovery,43000,1280,11,7734021176258090215,43000,43000,0,0,5415960886813981129,0
recovery,43000,1280,12,14821149565649473788,43000,43000,0,0,5415960886813981129,0
recovery,43000,1280,13,12675337014251179281,43000,43000,0,0,5415960886813981129,0
recovery,43000,1280,14,17541144889510182,43000,43000,0,0,5415960886813981129,0
recovery,43000,1280,15,16318468269152945467,43000,43000,0,0,5415960886813981129,0
recovery,44000,1280,0,12049092442683932672,44000,44000,0,0,5415960886813981129,0
recovery,44000,1280,1,4107705096774581269,44000,44000,0,0,5415960886813981129,0
recovery,44000,1280,2,11193708754221791274,44000,44000,0,0,5415960886813981129,0
recovery,44000,1280,3,9047895000231867455,44000,44000,0,0,5415960886813981129,0
recovery,44000,1280,4,16135024557586968660,44001,44000,0,0,5415960886813981129,0
recovery,44000,1280,5,12692156553087773801,44000,44000,0,0,5415960886813981129,0
recovery,44000,1280,6,1331416102466218110,44000,44000,0,0,5415960886813981129,0
recovery,44000,1280,7,17632346456546108563,44000,44000,0,0,5415960886813981129,0
recovery,44000,1280,8,6236698745125658792,44000,44000,0,0,5415960886813981129,0
recovery,44000,1280,9,2937963486528625853,44000,44000,0,0,5415960886813981129,0
recovery,44000,1280,10,9879833813959170258,44000,44000,0,0,5415960886813981129,0
recovery,44000,1280,11,7734021159480874215,44000,44000,0,0,5415960886813981129,0
recovery,44000,1280,12,14821149617323299068,44000,44000,0,0,5415960886813981129,0
recovery,44000,1280,13,12675336997205527825,44000,44000,0,0,5415960886813981129,0
recovery,44000,1280,14,17541162203597094,44000,44000,0,0,5415960886813981129,0
recovery,44000,1280,15,16318468217747555643,44000,44000,0,0,5415960886813981129,0
recovery,45000,1280,0,12049092425101410304,45000,45000,0,0,5415960886813981129,0
recovery,45000,1280,1,4107705079997365269,45000,45000,0,0,5415960886813981129,0
recovery,45000,1280,2,11193708737444575274,45000,45000,0,0,5415960886813981129,0
recovery,45000,1280,3,9047895017814389823,45000,45000,0,0,5415960886813981129,0
recovery,45000,1280,4,16135024575169491028,45000,45000,0,0,5415960886813981129,0
recovery,45000,1280,5,12692156570670296169,45000,45000,0,0,5415960886813981129,0
recovery,45000,1280,6,1331416085689002110,45000,45000,0,0,5415960886813981129,0
recovery,45000,1280,7,17632346439768892563,45000,45000,0,0,5415960886813981129,0
recovery,45000,1280,8,6236698728348442792,45000,45000,0,0,5415960886813981129,0
recovery,45000,1280,9,2937963504111148221,45000,45000,0,0,5415960886813981129,0
recovery,45000,1280,10,9879833831541692626,45000,45000,0,0,5415960886813981129,0
recovery,45000,1280,11,7734021142703658215,45000,45000,0,0,5415960886813981129,0
recovery,45000,1280,12,14821149600814518524,45000,45000,0,0,5415960886813981129,0
recovery,45000,1280,13,12675336980696747281,45000,45000,0,0,5415960886813981129,0
recovery,45000,1280,14,17541180054554918,45000,45000,0,0,5415960886813981129,0
recovery,45000,1280,15,16318468235598513467,45000,45000,0,0,5415960886813981129,0
recovery,46000,1280,0,12049092338799411200,46000,46000,0,0,5415960886813981129,0
recovery,46000,1280,1,4107705200659102741,46000,46000,0,0,5415960886813981129,0
recovery,46000,1280,2,11193708789386836010,46000,46000,0,0,5415960886813981129,0
recovery,46000,1280,3,9047894966677435455,46000,46000,0,0,5415960886813981129,0
recovery,46000,1280,4,16135024455313059924,46000,46000,0,0,5415960886813981129,0
recovery,46000,1280,5,12692156656972295273,46000,46000,0,0,5415960886813981129,0
recovery,46000,1280,6,1331416206350739582,46000,46000,0,0,5415960886813981129,0
recovery,46000,1280,7,17632346491711153299,46000,46000,0,0,5415960886813981129,0
recovery,46000,1280,8,6236698711571226792,46000,46000,0,0,5415960886813981129,0
recovery,46000,1280,9,2937963384254717117,46000,46000,0,0,5415960886813981129,0
recovery,46000,1280,10,9879833917843691730,46000,46000,0,0,5415960886813981129,0
recovery,46000,1280,11,7734021263365395687,46000,46000,0,0,5415960886813981129,0
recovery,46000,1280,12,14821149652488343804,46000,46000,0,0,5415960886813981129,0
recovery,46000,1280,13,12675336963651095825,46000,46000,0,0,5415960886813981129,0
recovery,46000,1280,14,17541059929688358,46000,46000,0,0,5415960886813981129,0
recovery,46000,1280,15,16318468321632077115,46000,46000,0,0,5415960886813981129,0
recovery,47000,1280,0,12049092321216888832,47000,47000,0,0,5415960886813981129,0
recovery,47000,1280,1,4107705183881886741,47000,47000,0,0,5415960886813981129,0
recovery,47000,1280,2,11193708772609620010,47000,47000,0,0,5415960886813981129,0
recovery,47000,1280,3,9047894984259957823,47000,47000,0,0,5415960886813981129,0
recovery,47000,1280,4,16135024472895582292,47000,47000,0,0,5415960886813981129,0
recovery,47000,1280,5,12692156674554817641,47000,47000,0,0,5415960886813981129,0
recovery,47000,1280,6,1331416189573523582,47000,47000,0,0,5415960886813981129,0
recovery,47000,1280,7,17632346474933937299,47000,47000,0,0,5415960886813981129,0
recovery,47000,1280,8,6236698694794010792,47000,47000,0,0,5415960886813981129,0
recovery,47000,1280,9,2937963401837239485,47000,47000,0,0,5415960886813981129,0
recovery,47000,1280,10,9879833935426214098,47000,47000,0,0,5415960886813981129,0
recovery,47000,1280,11,7734021246588179687,47000,47000,0,0,5415960886813981129,0
recovery,47000,1280,12,14821149635979563260,47000,47000,0,0,5415960886813981129,0
recovery,47000,1280,13,12675336947142315281,47000,47000,0,0,5415960886813981129,0
recovery,47000,1280,14,17541077780646182,47000,47000,0,0,5415960886813981129,0
recovery,47000,1280,15,16318468339483034939,47000,47000,0,0,5415960886813981129,0
recovery,48000,1280,0,12049092372353843200,48000,48000,0,0,5415960886813981129,0
recovery,48000,1280,1,4107705167104670741,48000,48000,0,0,5415960886813981129,0
recovery,48000,1280,2,11193708824551880746,48000,48000,0,0,5415960886813981129,0
recovery,48000,1280,3,9047894933123003455,48000,48000,0,0,5415960886813981129,0
recovery,48000,1280,4,16135024490478104660,48000,48000,0,0,5415960886813981129,0
recovery,48000,1280,5,12692156623417863273,48000,48000,0,0,5415960886813981129,0
recovery,48000,1280,6,1331416172796307582,48000,48000,0,0,5415960886813981129,0
recovery,48000,1280,7,17632346526876198035,48000,48000,0,0,5415960886813981129,0
recovery,48000,1280,8,6236698678016794792,48000,48000,0,0,5415960886813981129,0
recovery,48000,1280,9,2937963419419761853,48000,48000,0,0,5415960886813981129,0
recovery,48000,1280,10,9879833884289259730,48000,48000,0,0,5415960886813981129,0
recovery,48000,1280,11,7734021229810963687,48000,48000,0,0,5415960886813981129,0
recovery,48000,1280,12,14821149687653388540,48000,48000,0,0,5415960886813981129,0
recovery,48000,1280,13,12675336930096663825,48000,48000,0,0,5415960886813981129,0
recovery,48000,1280,14,17541095094733094,48000,48000,0,0,5415960886813981129,0
recovery,48000,1280,15,16318468288077645115,48000,48000,0,0,5415960886813981129,0
recovery,49000,1280,0,12049092354771320832,49000,49000,0,0,5415960886813981129,0
recovery,49000,1280,1,4107705146032487445,49000,49000,0,0,5415960886813981129,0
recovery,49000,1280,2,11193708807774664746,49000,49000,0,0,5415960886813981129,0
recovery,49000,1280,3,9047894946410558527,49000,49000,0,0,5415960886813981129,0
recovery,49000,1280,4,16135024508060627028,49000,49000,0,0,5415960886813981129,0
recovery,49000,1280,5,12692156636705418345,49000,49000,0,0,5415960886813981129,0
recovery,49000,1280,6,1331416156019091582,49000,49000,0,0,5415960886813981129,0
recovery,49000,1280,7,17632346505804014739,49000,49000,0,0,5415960886813981129,0
recovery,49000,1280,8,6236698661239578792,49000,49000,0,0,5415960886813981129,0
recovery,49000,1280,9,2937963432707316925,49000,49000,0,0,5415960886813981129,0
recovery,49000,1280,10,9879833901871782098,49000,49000,0,0,5415960886813981129,0
recovery,49000,1280,11,7734021208738780391,49000,49000,0,0,5415960886813981129,0
recovery,49000,1280,12,14821149671144607996,49000,49000,0,0,5415960886813981129,0
recovery,49000,1280,13,12675336909292915985,49000,49000,0,0,5415960886813981129,0
recovery,49000,1280,14,17541112945690918,49000,49000,0,0,5415960886813981129,0
recovery,49000,1280,15,16318468301633635643,49000,49000,0,0,5415960886813981129,0
recovery,50000,1280,0,12049092543347228672,50000,50000,0,0,5415960886813981129,0
recovery,50000,1280,1,4107705541572131861,50000,50000,0,0,5415960886813981129,0
recovery,50000,1280,2,11193708584839018538,50000,50000,0,0,5415960886813981129,0
recovery,50000,1280,3,9047895445029418047,50000,50000,0,0,5415960886813981129,0
recovery,50000,1280,4,16135024388204195924,50000,50000,0,0,5415960886813981129,0
recovery,50000,1280,5,12692156723007417449,50000,50000,0,0,5415960886813981129,0
recovery,50000,1280,6,1331415726925015166,50000,50000,0,0,5415960886813981129,0
recovery,50000,1280,7,17632346557746275475,50000,50000,0,0,5415960886813981129,0
recovery,50000,1280,8,6236698369584455848,50000,50000,0,0,5415960886813981129,0
recovery,50000,1280,9,2937963587728792765,50000,50000,0,0,5415960886813981129,0
recovery,50000,1280,10,9879834263051688146,50000,50000,0,0,5415960886813981129,0
recovery,50000,1280,11,7734021054522610919,50000,50000,0,0,5415960886813981129,0
recovery,50000,1280,12,14821149997696340220,50000,50000,0,0,5415960886813981129,0
recovery,50000,1280,13,12675336892247264529,50000,50000,0,0,5415960886813981129,0
recovery,50000,1280,14,17541542576638246,50000,50000,0,0,5415960886813981129,0
recovery,50000,1280,15,16318467837911385403,50000,50000,0,0,5415960886813981129,0
recovery,51000,1280,0,12049092525764706304,51000,51000,0,0,5415960886813981129,0
recovery,51000,1280,1,4107705524794915861,51000,51000,0,0,5415960886813981129,0
recovery,51000,1280,2,11193708568061802538,51000,51000,0,0,5415960886813981129,0
recovery,51000,1280,3,9047895462611940415,51000,51000,0,0,5415960886813981129,0
recovery,51000,1280,4,16135024405786718292,51001,51000,0,0,5415960886813981129,0
recovery,51000,1280,5,12692156740589939817,51000,51000,0,0,5415960886813981129,0
recovery,51000,1280,6,1331415710147799166,51000,51000,0,0,5415960886813981129,0
recovery,51000,1280,7,17632346540969059475,51000,51000,0,0,5415960886813981129,0
recovery,51000,1280,8,6236698352807239848,51000,51000,0,0,5415960886813981129,0
recovery,51000,1280,9,2937963605311315133,51000,51000,0,0,5415960886813981129,0
recovery,51000,1280,10,9879834280634210514,51000,51000,0,0,5415960886813981129,0
recovery,51000,1280,11,7734021037745394919,51000,51000,0,0,5415960886813981129,0
recovery,51000,1280,12,14821149981187559676,51000,51000,0,0,5415960886813981129,0
recovery,51000,1280,13,12675336875738483985,51000,51000,0,0,5415960886813981129,0
recovery,51000,1280,14,17541560427596070,51000,51000,0,0,5415960886813981129,0
recovery,51000,1280,15,16318467855762343227,51000,51000,0,0,5415960886813981129,0
recovery,52000,1280,0,12049092576901660672,52000,52000,0,0,5415960886813981129,0
recovery,52000,1280,1,4107705508017699861,52000,52000,0,0,5415960886813981129,0
recovery,52000,1280,2,11193708620004063274,52000,52000,0,0,5415960886813981129,0
recovery,52000,1280,3,9047895411474986047,52000,52000,0,0,5415960886813981129,0
recovery,52000,1280,4,16135024423369240660,52000,52000,0,0,5415960886813981129,0
recovery,52000,1280,5,12692156689452985449,52000,52000,0,0,5415960886813981129,0
recovery,52000,1280,6,1331415693370583166,52000,52000,0,0,5415960886813981129,0
recovery,52000,1280,7,17632346592911320211,52000,52000,0,0,5415960886813981129,0
recovery,52000,1280,8,6236698336030023848,52000,52000,0,0,5415960886813981129,0
recovery,52000,1280,9,2937963622893837501,52000,52000,0,0,5415960886813981129,0
recovery,52000,1280,10,9879834229497256146,52000,52000,0,0,5415960886813981129,0
recovery,52000,1280,11,7734021020968178919,52000,52000,0,0,5415960886813981129,0
recovery,52000,1280,12,14821150032861384956,52000,52000,0,0,5415960886813981129,0
recovery,52000,1280,13,12675336858692832529,52000,52000,0,0,5415960886813981129,0
recovery,52000,1280,14,17541577741682982,52000,52000,0,0,5415960886813981129,0
recovery,52000,1280,15,16318467804356953403,52000,52000,0,0,5415960886813981129,0
recovery,53000,1280,0,12049092559319138304,53000,53000,0,0,5415960886813981129,0
recovery,53000,1280,1,4107705491240483861,53000,53000,0,0,5415960886813981129,0
recovery,53000,1280,2,11193708603226847274,53000,53000,0,0,5415960886813981129,0
recovery,53000,1280,3,9047895429057508415,53000,53000,0,0,5415960886813981129,0
recovery,53000,1280,4,16135024440951763028,53000,53000,0,0,5415960886813981129,0
recovery,53000,1280,5,12692156707035507817,53000,53000,0,0,5415960886813981129,0
recovery,53000,1280,6,1331415676593367166,53000,53000,0,0,5415960886813981129,0
recovery,53000,1280,7,17632346576134104211,53000,53000,0,0,5415960886813981129,0
recovery,53000,1280,8,6236698319252807848,53000,53000,0,0,5415960886813981129,0
recovery,53000,1280,9,2937963640476359869,53000,53000,0,0,5415960886813981129,0
recovery,53000,1280,10,9879834247079778514,53000,53000,0,0,5415960886813981129,0
recovery,53000,1280,11,7734021004190962919,53000,53000,0,0,5415960886813981129,0
recovery,53000,1280,12,14821150016352604412,53000,53000,0,0,5415960886813981129,0
recovery,53000,1280,13,12675336842184051985,53000,53000,0,0,5415960886813981129,0
recovery,53000,1280,14,17541595592640806,53000,53000,0,0,5415960886813981129,0
recovery,53000,1280,15,16318467822207911227,53000,53000,0,0,5415960886813981129,0
recovery,54000,1280,0,12049092481607073792,54000,54000,0,0,5415960886813981129,0
recovery,54000,1280,1,4107705607607254037,54000,54000,0,0,5415960886813981129,0
recovery,54000,1280,2,11193708655169108010,54000,54000,0,0,5415960886813981129,0
recovery,54000,1280,3,9047895382215521343,54000,54000,0,0,5415960886813981129,0
recovery,54000,1280,4,16135024312505397332,54000,54000,0,0,5415960886813981129,0
recovery,54000,1280,5,12692156789042539625,54000,54000,0,0,5415960886813981129,0
recovery,54000,1280,6,1331415797255104638,54000,54000,0,0,5415960886813981129,0
recovery,54000,1280,7,17632346632371332243,54000,54000,0,0,5415960886813981129,0
recovery,54000,1280,8,6236698293885657256,54000,54000,0,0,5415960886813981129,0
recovery,54000,1280,9,2937963516324961469,54000,54000,0,0,5415960886813981129,0
recovery,54000,1280,10,9879834333381777618,54000,54000,0,0,5415960886813981129,0
recovery,54000,1280,11,7734021129147667687,54000,54000,0,0,5415960886813981129,0
recovery,54000,1280,12,14821150059436495100,54000,54000,0,0,5415960886813981129,0
recovery,54000,1280,13,12675336820843433233,54000,54000,0,0,5415960886813981129,0
recovery,54000,1280,14,17541475467774246,54000,54000,0,0,5415960886813981129,0
recovery,54000,1280,15,16318467912536442171,54001,54000,0,0,5415960886813981129,0
recovery,55000,1280,0,12049092464024551424,55000,55000,0,0,5415960886813981129,0
recovery,55000,1280,1,4107705590830038037,55000,55000,0,0,5415960886813981129,0
recovery,55000,1280,2,11193708638391892010,55000,55000,0,0,5415960886813981129,0
recovery,55000,1280,3,9047895399798043711,55000,55000,0,0,5415960886813981129,0
recovery,55000,1280,4,16135024330087919700,55000,55000,0,0,5415960886813981129,0
recovery,55000,1280,5,12692156806625061993,55000,55000,0,0,5415960886813981129,0
recovery,55000,1280,6,1331415780477888638,55000,55000,0,0,5415960886813981129,0
recovery,55000,1280,7,17632346615594116243,55000,55000,0,0,5415960886813981129,0
recovery,55000,1280,8,6236698277108441256,55000,55000,0,0,5415960886813981129,0
recovery,55000,1280,9,2937963533907483837,55000,55000,0,0,5415960886813981129,0
recovery,55000,1280,10,9879834350964299986,55000,55000,0,0,5415960886813981129,0
recovery,55000,1280,11,7734021112370451687,55000,55000,0,0,5415960886813981129,0
recovery,55000,1280,12,14821150042927714556,55000,55000,0,0,5415960886813981129,0
recovery,55000,1280,13,12675336804334652689,55000,55000,0,0,5415960886813981129,0
recovery,55000,1280,14,17541493318732070,55000,55000,0,0,5415960886813981129,0
recovery,55000,1280,15,16318467930387399995,55000,55000,0,0,5415960886813981129,0
recovery,56000,1280,0,12049092515161505792,56000,56000,0,0,5415960886813981129,0
recovery,56000,1280,1,4107705574052822037,56000,56000,0,0,5415960886813981129,0
recovery,56000,1280,2,11193708690334152746,56000,56000,0,0,5415960886813981129,0
recovery,56000,1280,3,9047895348661089343,56000,56000,0,0,5415960886813981129,0
recovery,56000,1280,4,16135024347670442068,56000,56000,0,0,5415960886813981129,0
recovery,56000,1280,5,12692156755488107625,56000,56000,0,0,5415960886813981129,0
recovery,56000,1280,6,1331415763700672638,56000,56000,0,0,5415960886813981129,0
recovery,56000,1280,7,17632346667536376979,56000,56000,0,0,5415960886813981129,0
recovery,56000,1280,8,6236698260331225256,56000,56000,0,0,5415960886813981129,0
recovery,56000,1280,9,2937963551490006205,56000,56000,0,0,5415960886813981129,0
recovery,56000,1280,10,9879834299827345618,56000,56000,0,0,5415960886813981129,0
recovery,56000,1280,11,7734021095593235687,56000,56000,0,0,5415960886813981129,0
recovery,56000,1280,12,14821150094601539836,56000,56000,0,0,5415960886813981129,0
recovery,56000,1280,13,12675336787289001233,56000,56000,0,0,5415960886813981129,0
recovery,56000,1280,14,17541510632818982,56000,56000,0,0,5415960886813981129,0
recovery,56000,1280,15,16318467878982010171,56000,56000,0,0,5415960886813981129,0
recovery,57000,1280,0,12049092497578983424,57000,57000,0,0,5415960886813981129,0
recovery,57000,1280,1,4107705557275606037,57000,57000,0,0,5415960886813981129,0
recovery,57000,1280,2,11193708673556936746,57000,57000,0,0,5415960886813981129,0
recovery,57000,1280,3,9047895366243611711,57000,57000,0,0,5415960886813981129,0
recovery,57000,1280,4,16135024365252964436,57000,57000,0,0,5415960886813981129,0
recovery,57000,1280,5,12692156773070629993,57000,57000,0,0,5415960886813981129,0
recovery,57000,1280,6,1331415746923456638,57000,57000,0,0,5415960886813981129,0
recovery,57000,1280,7,17632346650759160979,57000,57000,0,0,5415960886813981129,0
recovery,57000,1280,8,6236698243554009256,57000,57000,0,0,5415960886813981129,0
recovery,57000,1280,9,2937963569072528573,57000,57000,0,0,5415960886813981129,0
recovery,57000,1280,10,9879834317409867986,57000,57000,0,0,5415960886813981129,0
recovery,57000,1280,11,7734021078816019687,57000,57000,0,0,5415960886813981129,0
recovery,57000,1280,12,14821150078092759292,57000,57000,0,0,5415960886813981129,0
recovery,57000,1280,13,12675336770780220689,57000,57000,0,0,5415960886813981129,0
recovery,57000,1280,14,17541528483776806,57000,57000,0,0,5415960886813981129,0
recovery,57000,1280,15,16318467896832967995,57000,57000,0,0,5415960886813981129,0
recovery,58000,1280,0,12049092686154891264,58000,58000,0,0,5415960886813981129,0
recovery,58000,1280,1,4107705403059436565,58000,58000,0,0,5415960886813981129,0
recovery,58000,1280,2,11193708450621290538,58000,58000,0,0,5415960886813981129,0
recovery,58000,1280,3,9047895315106657343,58000,58000,0,0,5415960886813981129,0
recovery,58000,1280,4,16135024245396533332,58000,58000,0,0,5415960886813981129,0
recovery,58000,1280,5,12692156859372629097,58000,58000,0,0,5415960886813981129,0
recovery,58000,1280,6,1331415867585194110,58000,58000,0,0,5415960886813981129,0
recovery,58000,1280,7,17632346702701421715,58000,58000,0,0,5415960886813981129,0
recovery,58000,1280,8,6236698501654700200,58000,58000,0,0,5415960886813981129,0
recovery,58000,1280,9,2937963724094004413,58000,58000,0,0,5415960886813981129,0
recovery,58000,1280,10,9879834128833960146,58000,58000,0,0,5415960886813981129,0
recovery,58000,1280,11,7734020924599850215,58000,58000,0,0,5415960886813981129,0
recovery,58000,1280,12,14821149854888677628,58000,58000,0,0,5415960886813981129,0
recovery,58000,1280,13,12675336753734569233,58000,58000,0,0,5415960886813981129,0
recovery,58000,1280,14,17541408358910246,58000,58000,0,0,5415960886813981129,0
recovery,58000,1280,15,16318467982866531643,58001,58000,0,0,5415960886813981129,0
recovery,59000,1280,0,12049092668572368896,59000,59000,0,0,5415960886813981129,0
recovery,59000,1280,1,4107705381987253269,59000,59000,0,0,5415960886813981129,0
recovery,59000,1280,2,11193708433844074538,59000,59000,0,0,5415960886813981129,0
recovery,59000,1280,3,9047895328394212415,59000,59000,0,0,5415960886813981129,0
recovery,59000,1280,4,16135024262979055700,59000,59000,0,0,5415960886813981129,0
recovery,59000,1280,5,12692156872660184169,59000,59000,0,0,5415960886813981129,0
recovery,59000,1280,6,1331415850807978110,59000,59000,0,0,5415960886813981129,0
recovery,59000,1280,7,17632346681629238419,59000,59000,0,0,5415960886813981129,0
recovery,59000,1280,8,6236698484877484200,59000,59001,0,0,5415960886813981129,0
recovery,59000,1280,9,2937963737381559485,59000,59000,0,0,5415960886813981129,0
recovery,59000,1280,10,9879834146416482514,59000,59000,0,0,5415960886813981129,0
recovery,59000,1280,11,7734020903527666919,59000,59000,0,0,5415960886813981129,0
recovery,59000,1280,12,14821149838379897084,59000,59000,0,0,5415960886813981129,0
recovery,59000,1280,13,12675336732930821393,59000,59000,0,0,5415960886813981129,0
recovery,59000,1280,14,17541426209868070,59000,59000,0,0,5415960886813981129,0
recovery,59000,1280,15,16318467996422522171,59000,59000,0,0,5415960886813981129,0
recovery,60000,1280,0,12049092719709323264,60000,60000,0,0,5415960886813981129,0
recovery,60000,1280,1,4107705365210037269,60000,60000,0,0,5415960886813981129,0
recovery,60000,1280,2,11193708485786335274,60000,60000,0,0,5415960886813981129,0
recovery,60000,1280,3,9047895277257258047,60000,60000,0,0,5415960886813981129,0
recovery,60000,1280,4,16135024280561578068,60000,60000,0,0,5415960886813981129,0
recovery,60000,1280,5,12692156821523229801,60000,60000,0,0,5415960886813981129,0
recovery,60000,1280,6,1331415834030762110,60000,60000,0,0,5415960886813981129,0
recovery,60000,1280,7,17632346733571499155,60000,60000,0,0,5415960886813981129,0
recovery,60000,1280,8,6236698468100268200,60000,60000,0,0,5415960886813981129,0
recovery,60000,1280,9,2937963754964081853,60000,60000,0,0,5415960886813981129,0
recovery,60000,1280,10,9879834095279528146,60000,60000,0,0,5415960886813981129,0
recovery,60000,1280,11,7734020886750450919,60000,60000,0,0,5415960886813981129,0
recovery,60000,1280,12,14821149890053722364,60000,60000,0,0,5415960886813981129,0
recovery,60000,1280,13,12675336715885169937,60000,60000,0,0,5415960886813981129,0
recovery,60000,1280,14,17541443523954982,60000,60000,0,0,5415960886813981129,0
recovery,60000,1280,15,16318467945017132347,60000,60000,0,0,5415960886813981129,0
recovery,61000,1280,0,12049092702126800896,61000,61000,0,0,5415960886813981129,0
recovery,61000,1280,1,4107705348432821269,61000,61000,0,0,5415960886813981129,0
recovery,61000,1280,2,11193708469009119274,61000,61000,0,0,5415960886813981129,0
recovery,61000,1280,3,9047895294839780415,61000,61000,0,0,5415960886813981129,0
recovery,61000,1280,4,16135024298144100436,61000,61000,0,0,5415960886813981129,0
recovery,61000,1280,5,12692156839105752169,61000,61000,0,0,5415960886813981129,0
recovery,61000,1280,6,1331415817253546110,61000,61000,0,0,5415960886813981129,0
recovery,61000,1280,7,17632346716794283155,61000,61000,0,0,5415960886813981129,0
recovery,61000,1280,8,6236698451323052200,61000,61000,0,0,5415960886813981129,0
recovery,61000,1280,9,2937963772546604221,61000,61000,0,0,5415960886813981129,0
recovery,61000,1280,10,9879834112862050514,61000,61000,0,0,5415960886813981129,0
recovery,61000,1280,11,7734020869973234919,61000,61000,0,0,5415960886813981129,0
recovery,61000,1280,12,14821149873544941820,61000,61000,0,0,5415960886813981129,0
recovery,61000,1280,13,12675336699376389393,61000,61000,0,0,5415960886813981129,0
recovery,61000,1280,14,17541461374912806,61000,61000,0,0,5415960886813981129,0
recovery,61000,1280,15,16318467962868090171,61000,61000,0,0,5415960886813981129,0
recovery,62000,1280,0,12049092615824801792,62000,62000,0,0,5415960886813981129,0
recovery,62000,1280,1,4107705469094558741,62000,62000,0,0,5415960886813981129,0
recovery,62000,1280,2,11193708520951380010,62000,62000,0,0,5415960886813981129,0
recovery,62000,1280,3,9047895243702826047,62000,62000,0,0,5415960886813981129,0
recovery,62000,1280,4,16135024178287669332,62000,62000,0,0,5415960886813981129,0
recovery,62000,1280,5,12692156925407751273,62000,62000,0,0,5415960886813981129,0
recovery,62000,1280,6,1331415937915283582,62000,62000,0,0,5415960886813981129,0
recovery,62000,1280,7,17632346768736543891,62000,62000,0,0,5415960886813981129,0
recovery,62000,1280,8,6236698434545836200,62000,62000,0,0,5415960886813981129,0
recovery,62000,1280,9,2937963652690173117,62000,62000,0,0,5415960886813981129,0
recovery,62000,1280,10,9879834199164049618,62000,62000,0,0,5415960886813981129,0
recovery,62000,1280,11,7734020990634972391,62000,62000,0,0,5415960886813981129,0
recovery,62000,1280,12,14821149925218767100,62000,62000,0,0,5415960886813981129,0
recovery,62000,1280,13,12675336682330737937,62000,62000,0,0,5415960886813981129,0
recovery,62000,1280,14,17541341250046246,62000,62000,0,0,5415960886813981129,0
recovery,62000,1280,15,16318468048901653819,62000,62000,0,0,5415960886813981129,0
recovery,63000,1280,0,12049092598242279424,63000,63000,0,0,5415960886813981129,0
recovery,63000,1280,1,4107705452317342741,63000,63000,0,0,5415960886813981129,0
recovery,63000,1280,2,11193708504174164010,63000,63000,0,0,5415960886813981129,0
recovery,63000,1280,3,9047895261285348415,63000,63000,0,0,5415960886813981129,0
recovery,63000,1280,4,16135024195870191700,63000,63000,0,0,5415960886813981129,0
recovery,63000,1280,5,12692156942990273641,63000,63000,0,0,5415960886813981129,0
recovery,63000,1280,6,1331415921138067582,63000,63000,0,0,5415960886813981129,0
recovery,63000,1280,7,17632346751959327891,63000,63000,0,0,5415960886813981129,0
recovery,63000,1280,8,6236698417768620200,63000,63000,0,0,5415960886813981129,0
recovery,63000,1280,9,2937963670272695485,63000,63000,0,0,5415960886813981129,0
recovery,63000,1280,10,9879834216746571986,63000,63000,0,0,5415960886813981129,0
recovery,63000,1280,11,7734020973857756391,63000,63000,0,0,5415960886813981129,0
recovery,63000,1280,12,14821149908709986556,63000,63000,0,0,5415960886813981129,0
recovery,63000,1280,13,12675336665821957393,63000,63000,0,0,5415960886813981129,0
recovery,63000,1280,14,17541359101004070,63000,63000,0,0,5415960886813981129,0
recovery,63000,1280,15,16318468066752611643,63000,63000,0,0,5415960886813981129,0
recovery,64000,1280,0,12049092649379233792,64000,64000,0,0,5415960886813981129,0
recovery,64000,1280,1,4107705435540126741,64001,64000,0,0,5415960886813981129,0
recovery,64000,1280,2,11193708556116424746,64000,64000,0,0,5415960886813981129,0
recovery,64000,1280,3,9047895210148394047,64000,64000,0,0,5415960886813981129,0
recovery,64000,1280,4,16135024213452714068,64000,64000,0,0,5415960886813981129,0
recovery,64000,1280,5,12692156891853319273,64000,64000,0,0,5415960886813981129,0
recovery,64000,1280,6,1331415904360851582,64000,64000,0,0,5415960886813981129,0
recovery,64000,1280,7,17632346803901588627,64000,64000,0,0,5415960886813981129,0
recovery,64000,1280,8,6236698400991404200,64000,64000,0,0,5415960886813981129,0
recovery,64000,1280,9,2937963687855217853,64000,64000,0,0,5415960886813981129,0
recovery,64000,1280,10,9879834165609617618,64000,64000,0,0,5415960886813981129,0
recovery,64000,1280,11,7734020957080540391,64000,64000,0,0,5415960886813981129,0
recovery,64000,1280,12,14821149960383811836,64000,64000,0,0,5415960886813981129,0
recovery,64000,1280,13,12675336648776305937,64000,64000,0,0,5415960886813981129,0
recovery,64000,1280,14,17541376415090982,64000,64000,0,0,5415960886813981129,0
recovery,64000,1280,15,16318468015347221819,64000,64000,0,0,5415960886813981129,0
